Agriculture_value_added_GDP_percentage,Primary School age Children_out_of_school,GPD_Per_Capita_Percentage,Human_Development_Index,Trade_GDP,NumberOfConflicts
-1.081747036,-0.977905063,-0.248732113,-1.307591426,-1.169658543,5.46715244
-1.081747036,-0.977905063,-0.248732113,-1.307591426,-1.169658543,4.120542971
-0.55814033,-0.310239143,-0.319903149,1.206350402,-0.070236762,-0.140285722
-0.389668508,-0.464315894,0.247654401,1.247095002,-0.220690142,-0.206372625
-0.42235233,-0.464315894,-0.002552813,1.283765142,-0.097905353,-0.193581612
-0.585977361,-0.515674811,0.091250232,1.316360822,0.153133542,-0.119677978
-0.501834512,-0.618392644,-0.013970429,1.353030962,0.06575496,-0.06282903
-0.525960245,-0.669751561,0.350531876,1.393775563,0.116849884,-0.050038016
-0.494986733,-0.669751561,0.570532973,1.434520163,0.13769624,-0.091964116
-0.519666733,-0.721110478,0.163417083,1.463041383,0.212963411,-0.13957511
-0.627353295,-0.721110478,0.374799458,1.487488143,0.330329503,-0.163735914
-0.639664197,-0.772469395,-0.219189149,1.503785983,0.318785102,-0.100491458
-0.638466711,-0.772469395,0.00321455,1.532307203,0.34420865,-0.020192318
-0.695143695,-0.823828312,-0.14875527,1.564902883,0.444091871,-0.084147386
-0.525896493,-0.926546146,-0.262959417,1.601573023,0.331291862,-0.07064576
-0.583148128,-0.926546146,-0.0017587,1.642317623,0.300616701,-0.148102453
-0.606031785,-0.926546146,-0.11845183,1.674913304,0.250229194,0.023155005
-0.562949981,-0.926546146,-0.063733417,1.695285604,0.20672497,-0.091253504
-0.494011158,-0.926546146,-0.151219727,1.711583444,0.168968733,-0.049327405
-0.469607493,-0.977905063,-0.006015854,1.719732364,0.138138263,-0.037957615
-0.385546573,-0.926546146,0.001962246,1.727881284,0.087361588,0.013206439
-0.34619581,-0.926546146,-0.048288615,-1.307591426,0.014531292,0.020312557
-1.081747036,-0.977905063,-0.248732113,-1.307591426,-1.169658543,0.151775751
-1.081747036,-0.977905063,-0.248732113,-1.307591426,-1.169658543,0.050158255
-0.584662263,1.6413997,0.450276133,-1.307591426,1.727550121,-0.052880464
-0.362032543,1.846835368,0.303505014,-1.307591426,1.563275372,0.129036171
-0.734403706,1.48732295,-0.198810467,0.248852299,2.597089787,0.743715428
-0.768947068,2.257706704,-0.257878793,0.285522439,2.038620856,0.003257873
-0.631357929,2.617219122,-0.123713201,0.326267039,1.994004464,-0.008822529
-0.645603422,0.511503528,-1.657694888,0.346639339,1.460002273,-0.221295474
-0.466439242,0.716939196,-0.024564251,0.383309479,1.575611583,-0.236218323
-0.758003458,0.768298113,0.729644027,0.428128539,1.44811544,-0.235507711
-0.846358438,0.562862445,1.726747248,0.48109652,1.769294881,-0.238350159
-0.735543154,0.871015947,2.062563959,0.54221342,1.329834548,-0.236218323
-0.717448066,0.562862445,2.313889046,0.59925586,1.302462447,-0.229822816
-0.777199197,0.30606786,1.128174997,0.64814938,1.514400193,-0.233375876
-0.691434631,0.357426777,-0.413359743,0.68074506,1.151841107,-0.23124404
-0.68508171,0.30606786,-0.279396241,0.70926628,1.047069988,-0.234086487
-0.656028963,0.203350026,-0.210392489,0.762234261,1.092903107,-0.226269757
-0.607382623,0.665580279,-0.041725834,0.823351161,0.977943003,-0.230533428
-0.657815981,0.511503528,0.186344168,0.839649001,0.830974124,-0.224848533
-0.607399274,0.511503528,-0.078658013,0.855946841,0.729116492,-0.234797099
-0.72305596,0.254708943,-0.313746887,0.864095761,0.31021819,-0.230533428
-0.662251721,0.254708943,-0.802536922,-1.307591426,0.081625775,-0.208504461
-1.081747036,-0.977905063,-0.248732113,-1.307591426,-1.169658543,-0.171552644
-1.081747036,-0.977905063,-0.248732113,-1.307591426,-1.169658543,-0.209925684
-1.063222795,-0.875187229,-0.305807568,-1.307591426,1.764700846,0.032392959
-1.081747036,-0.977905063,-0.248732113,-1.307591426,-1.169658543,-0.084147386
-1.081747036,-0.977905063,-0.248732113,-1.307591426,-1.169658543,0.011074603
-0.182994443,-0.669751561,0.419616152,1.014850781,-0.19539624,1.53675826
-0.19222008,-0.515674811,0.429144591,1.035223081,-0.232903466,0.460891909
-0.225435905,-0.464315894,0.502649123,1.051520921,-0.284000047,0.956188373
-0.265882761,-0.669751561,0.58624358,-1.307591426,-0.370947579,0.292476899
-1.081747036,-0.977905063,-0.248732113,-1.307591426,-1.169658543,0.133299843
-1.081747036,-0.977905063,-0.248732113,-1.307591426,-1.169658543,0.146801468
0.894104683,0.97373378,0.112642862,0.240703379,0.06587001,-0.23906077
0.937988513,-0.002085641,-0.118464733,0.257001219,0.084430743,-0.238350159
0.381542401,-0.464315894,0.070188697,0.277373519,0.191258226,-0.23906077
0.343145379,-0.515674811,0.136050173,0.301820279,0.008631562,-0.239771382
0.317587788,-0.207521309,0.058377022,0.350713799,0.035656912,-0.238350159
0.402880418,-0.207521309,-0.037560274,0.387383939,-0.086222778,-0.239771382
0.331562457,-0.207521309,-0.20014199,0.415905159,-0.144344471,-0.23906077
0.451818728,-0.36159806,-0.061388702,0.44442638,-0.193842013,-0.23906077
0.438178277,-0.156162392,-0.423415035,0.46072422,-0.205494056,-0.23906077
0.478602334,-0.310239143,-0.111733507,0.47702206,-0.183706924,-0.239771382
0.443155598,-0.104803475,0.171974312,0.50146882,0.046790109,-0.238350159
0.419153513,-0.464315894,0.027570527,0.51776666,0.019284626,-0.239771382
0.403483806,-0.669751561,-0.320885893,0.52999004,-0.060627775,-0.23906077
0.344667231,-0.721110478,-0.347991401,0.54221342,0.113878998,-0.233375876
0.333984923,-0.721110478,-0.232438648,0.55851126,-5.82E-05,-0.235507711
0.305383977,-0.772469395,0.020035263,0.59110694,0.086025298,-0.229112204
0.25041331,-0.926546146,0.34549446,0.62777708,0.292090778,-0.233375876
0.259671613,-0.772469395,0.232859963,0.65222384,0.440858807,-0.235507711
0.316481711,-0.875187229,-0.346433987,0.66852168,0.261714003,-0.234797099
0.329531382,-0.926546146,-0.08810436,-1.307591426,0.307699193,-0.226980369
-1.081747036,-0.977905063,-0.248732113,-1.307591426,-1.169658543,-0.21205752
-1.081747036,-0.977905063,-0.248732113,-1.307591426,-1.169658543,-0.219163638
-0.871292563,0.049273276,0.565107291,1.022999701,1.115814657,-0.239771382
-0.892622603,-0.156162392,-0.417869293,0.990404021,0.973486057,-0.239771382
-0.913338147,-0.156162392,-0.205708951,0.974106181,0.764807065,-0.239771382
-0.917580572,-0.258880226,0.201033091,1.055595381,0.636634539,-0.239771382
-0.941609082,-0.310239143,-0.066307382,1.108563362,0.745301222,-0.236218323
-0.969525867,-0.258880226,0.180108056,1.177829182,0.692849623,-0.238350159
-0.957229677,-0.310239143,0.693881065,1.259318382,0.647168046,-0.23906077
-0.94398087,-0.258880226,0.671290478,1.324509742,0.831725126,-0.23906077
-0.925266849,-0.258880226,0.381708755,1.385626643,0.865632754,-0.23906077
-0.904491152,-0.310239143,-1.539316495,1.418222323,0.654563566,-0.23906077
-0.927997531,-0.207521309,0.686497948,1.454892463,0.827414419,-0.238350159
-0.931747913,-0.104803475,0.334192048,1.491562603,0.963372959,-0.238350159
-0.940344296,-0.669751561,1.052630689,1.532307203,1.417684095,-0.239771382
-0.951628153,-0.464315894,0.062843468,1.536381663,1.245619362,-0.237639547
-0.94706664,-0.515674811,-0.739902213,1.536381663,1.056683706,-0.237639547
-0.960493253,-0.772469395,0.085727639,-1.307591426,0.885190865,-0.237639547
0.948695636,1.6413997,0.227116445,-1.307591426,-0.382266776,-0.237639547
1.103165626,2.360424537,0.359249913,-1.307591426,-0.308121026,-0.238350159
0.71911785,2.309065621,0.369557221,-1.307591426,-0.460762911,-0.218453027
0.729914471,2.257706704,-0.393335991,-0.154519242,-0.443379366,-0.224848533
0.964036779,2.206347787,0.256593018,-1.307591426,-0.488479843,-0.236218323
1.047113549,2.257706704,-0.053447072,-1.307591426,-0.519968563,-0.236218323
0.965545394,2.15498887,0.412602066,-1.307591426,-0.522922897,-0.239771382
0.824457111,2.052271036,-0.043704225,-1.307591426,-0.388323966,-0.237639547
1.073504653,1.795476451,0.520533248,0.016608078,-0.421844243,-0.236218323
0.946125258,1.590040784,0.188754884,0.053278218,-0.39569653,-0.234797099
0.722070266,1.333246199,0.1041956,0.098097278,-0.424184022,-0.239771382
1.138170554,1.025092697,0.325049507,0.142916339,-0.40553894,-0.231954652
0.88259697,0.871015947,-0.263771331,0.179586479,-0.31904136,-0.239771382
0.884990307,1.076451614,0.06486329,0.228479999,-0.141304104,-0.236928935
0.787163886,0.81965703,0.236666055,0.257001219,0.05413497,-0.142417558
0.853990901,0.768298113,0.214690052,0.289596899,0.149360424,-0.192160388
0.882485771,0.716939196,0.127250236,0.314043659,0.245931488,-0.21205752
0.84242324,0.665580279,-0.069207829,0.318118119,0.111175236,-0.153076736
0.781692572,0.562862445,-0.124827927,0.330341499,0.142107171,-0.158051019
0.620053111,0.254708943,0.153482291,-1.307591426,0.024638679,-0.165867749
-1.081747036,-0.977905063,-0.248732113,-1.307591426,-1.169658543,-0.094095952
-1.081747036,-0.977905063,-0.248732113,-1.307591426,-1.169658543,-0.121099202
1.553703648,2.719936956,-0.631430588,-0.231933983,-0.658807041,-0.086279221
1.57051399,1.846835368,0.240358099,-0.215636143,-0.592210075,-0.158051019
1.562699498,1.333246199,-0.594569392,-0.215636143,-0.674287734,-0.12394165
1.572071525,2.000912119,-0.632834805,-0.215636143,-0.695037573,0.117666382
1.482450671,1.538681867,-0.299006906,-0.215636143,-0.728490803,0.206492864
1.446528504,1.538681867,-0.029039288,-0.183040463,-0.7135541,0.071476611
1.478230592,1.384605116,-0.840921589,-0.170817082,-0.593550956,-0.086989833
1.427679539,1.281887282,-0.040603405,-0.142295862,-0.505170163,-0.185764881
1.375318405,1.127810531,-0.581107953,-0.125998022,-0.29324244,-0.187896717
1.366871117,0.254708943,0.020684109,-0.048583282,-0.030087323,-0.145970617
0.979924735,-0.104803475,-0.066902243,-0.007838682,-0.296704048,-0.21987425
1.159655377,-0.618392644,-0.030286401,0.061427138,-0.171795047,-0.166578361
1.156415853,-0.567033728,-0.235421284,0.163288639,-0.119017606,-0.187896717
1.151788953,-0.823828312,-0.179270282,0.261075679,-0.157531876,-0.168710197
1.146205484,-0.669751561,-0.107981088,0.293671359,-0.180185586,-0.221295474
1.159183112,-0.721110478,-0.117575487,0.314043659,-0.192816721,-0.229822816
1.11749086,-0.618392644,-0.033324152,0.338490419,-0.293360963,-0.231954652
1.086251739,-0.36159806,-0.028099515,0.346639339,-0.300393269,-0.187186105
1.150229616,-0.36159806,-1.203427978,0.338490419,-0.41221698,0.855281489
1.113648978,0.460144611,-0.758384203,-1.307591426,-0.366696508,0.586670207
-1.081747036,-0.977905063,-0.248732113,-1.307591426,-1.169658543,0.350747071
-1.081747036,-0.977905063,-0.248732113,-1.307591426,-1.169658543,0.176647166
0.931300797,-0.669751561,0.359674808,0.864095761,1.221020076,-0.054301688
0.967661482,-0.875187229,0.504916343,0.892616981,1.220559744,-0.060697194
0.908815139,-0.823828312,0.532344805,0.917063741,1.371099305,-0.071356372
0.792500029,-0.721110478,0.545252457,0.945584961,1.527781518,-0.059986582
0.625634896,-0.721110478,0.497920229,0.965957261,1.545676755,-0.05145924
0.499359583,-0.721110478,0.498122277,0.986329561,1.521115104,-0.129626544
0.390471396,-0.618392644,0.492389398,-1.307591426,1.501880072,-0.084147386
-1.081747036,-0.977905063,-0.248732113,-1.307591426,-1.169658543,-0.16231469
-1.081747036,-0.977905063,-0.248732113,-1.307591426,-1.169658543,-0.204240789
0.017718369,0.30606786,0.116660858,0.46072422,-0.120767807,-0.230533428
-0.016278325,0.100632193,0.020872457,0.47702206,-0.222332265,-0.236218323
0.016219516,0.254708943,-0.008916975,0.45664976,-0.320177778,-0.23906077
-0.078459942,0.81965703,-0.114127316,0.4729476,-0.099509885,-0.234797099
-0.031978165,0.665580279,-0.007928099,0.5340645,-0.030648654,-0.237639547
-0.094025649,0.768298113,-0.0301344,0.5340645,-0.078677388,-0.23906077
-0.127140295,-0.104803475,0.010486752,0.54628788,-0.188134336,-0.237639547
-0.15562836,0.30606786,0.308239075,0.55036234,-0.18195595,-0.230533428
-0.24402588,0.254708943,-0.344410087,0.55036234,-0.09707518,-0.226980369
-0.290618257,0.203350026,-0.152047321,0.55036234,-0.076482275,-0.236218323
-0.286304921,-0.258880226,0.041791371,0.59110694,0.061272868,-0.226269757
-0.308758085,-0.310239143,-0.152330793,0.61962816,0.134641199,-0.224137921
-0.273232336,-0.412956977,-0.327877728,0.64814938,-0.16433284,-0.226980369
-0.249826879,-0.567033728,-0.15959139,0.67259614,-0.135895278,-0.229822816
-0.287715198,-0.515674811,-0.061285247,0.71334074,0.02850992,-0.23124404
-0.274190989,-0.669751561,-0.002731053,0.73371304,0.016952867,-0.231954652
-0.265256724,-0.721110478,0.117272108,0.758159801,0.000504084,-0.212768132
-0.238881669,-0.721110478,0.185753226,0.786681021,-0.010874051,-0.154497959
-0.195383517,-0.772469395,0.157400534,0.802978861,-0.120210085,-0.145260005
-0.16160406,-0.721110478,-0.002846042,-1.307591426,-0.285877546,-0.028009049
-1.081747036,-0.977905063,-0.248732113,-1.307591426,-1.169658543,0.052290091
-1.081747036,-0.977905063,-0.248732113,-1.307591426,-1.169658543,0.091373743
1.943122754,1.230528365,0.151814688,-0.056732202,0.004987117,-0.210636296
1.992663051,1.6413997,0.083085422,-0.048583282,-0.095371307,-0.22342731
1.774810362,1.48732295,-0.05683456,-0.036359902,-0.260297227,-0.227690981
1.795292796,1.333246199,-0.882712895,-0.028210982,-0.208793298,-0.229112204
1.867653191,0.97373378,0.081721049,-0.024136522,-0.333569216,-0.207083237
1.879362191,2.565860205,-0.022305622,-0.020062062,-0.409789278,-0.190028552
2.061582764,1.48732295,-1.25094022,-0.024136522,-0.407207993,-0.185054269
1.994291203,1.333246199,0.3221866,-0.007838682,-0.470072178,-0.214189355
1.951951453,1.692758617,-0.371011599,0.008459158,-0.431625138,-0.225559145
1.96531975,1.692758617,0.16151948,0.036980378,-0.403743649,-0.199977118
1.915781495,1.281887282,0.142813141,0.069576058,-0.379066101,-0.17013142
1.994876893,0.81965703,-0.189937942,0.098097278,-0.444954112,-0.178658763
1.935117537,0.81965703,-0.199675351,0.126618498,-0.455843435,-0.170842032
1.911201159,0.665580279,0.034214809,0.163288639,-0.363313593,-0.116124919
1.927693719,0.768298113,0.124192133,0.183660939,-0.469246758,-0.190739164
1.896751028,0.665580279,0.280886433,0.199958779,-0.470793762,-0.134600827
1.482264045,0.203350026,-5.406127344,0.098097278,-0.339336826,0.13614229
1.246445275,0.049273276,-0.152413375,0.106246198,-0.104986605,0.523425752
1.25749331,1.949553202,0.324280016,0.126618498,-0.176578241,0.016759498
1.284926573,-0.002085641,0.231215706,-1.307591426,-0.270271941,-0.026587825
-1.081747036,-0.977905063,-0.248732113,-1.307591426,-1.169658543,0.064370492
-1.081747036,-0.977905063,-0.248732113,-1.307591426,-1.169658543,0.053000703
1.123933395,1.949553202,0.045139601,-1.307591426,-0.131912786,-0.230533428
1.172143663,1.692758617,0.211277062,-1.307591426,-0.158304472,-0.231954652
1.113063886,1.590040784,-0.833064589,-1.307591426,-0.106770096,-0.231954652
1.254811624,1.538681867,-0.872233657,-0.085253422,-0.084393903,-0.224848533
1.226988592,1.435964033,0.805406414,-0.073030042,0.183932807,-0.232665264
1.096281287,1.281887282,0.368724133,-0.150444782,1.489270051,-0.229822816
0.773449292,1.179169448,1.209037452,-0.081178962,0.584968792,-0.227690981
0.214235008,0.511503528,3.772804145,-0.060806662,0.971961451,-0.207083237
1.946730825,0.871015947,1.595786181,-0.073030042,0.63690185,-0.211346908
2.050204629,0.460144611,-0.637495372,-0.060806662,0.848741106,-0.158051019
2.01065556,0.408785694,-0.265844885,0.069576058,0.613422595,-0.169420808
2.005928841,0.665580279,-0.285462423,0.089948358,0.519958592,-0.187896717
1.560796724,1.281887282,-0.126181481,0.159214179,0.453034365,-0.224137921
1.865445543,0.511503528,1.134518579,0.199958779,0.52208494,-0.233375876
1.85089414,0.922374863,-0.694969838,0.244777839,0.528195398,-0.236218323
1.960186069,1.281887282,0.495307536,0.269224599,0.525976197,-0.236218323
1.785062312,0.100632193,0.066590344,0.281447979,0.359166502,-0.237639547
1.823946785,0.049273276,0.236673286,0.297745819,0.442871342,-0.226980369
1.810944353,0.254708943,-0.444371676,0.305894739,0.243469325,-0.21205752
1.682309857,-0.053444558,-1.628262443,-1.307591426,0.261486716,-0.207083237
-1.081747036,-0.977905063,-0.248732113,-1.307591426,-1.169658543,-0.221295474
-1.081747036,-0.977905063,-0.248732113,-1.307591426,-1.169658543,-0.216321191
-1.081747036,-0.977905063,-0.248732113,-1.307591426,-1.169658543,-0.03227272
-1.081747036,-0.977905063,-0.248732113,-1.307591426,-1.169658543,-0.017349871
-1.081747036,-0.977905063,-0.248732113,-1.307591426,-1.169658543,0.123351277
-1.081747036,-0.977905063,-0.248732113,-1.307591426,-1.169658543,-0.092674728
-1.081747036,-0.977905063,-0.248732113,-1.307591426,-1.169658543,-0.003848246
-1.081747036,-0.977905063,-0.248732113,-1.307591426,-1.169658543,0.042341525
-1.081747036,-0.977905063,-0.248732113,-1.307591426,-1.169658543,-0.038668227
-1.081747036,-0.977905063,-0.248732113,-1.307591426,-1.169658543,-0.075620043
-1.081747036,-0.977905063,-0.248732113,-1.307591426,-1.169658543,-0.02445599
-1.081747036,-0.977905063,-0.248732113,-1.307591426,-1.169658543,-0.008111917
-1.081747036,-0.977905063,-0.248732113,-1.307591426,-1.169658543,-0.053591076
-1.081747036,-0.977905063,-0.248732113,-1.307591426,-1.169658543,0.071476611
-1.081747036,-0.977905063,-0.248732113,-1.307591426,-1.169658543,0.255525082
-1.081747036,-0.977905063,-0.248732113,-1.307591426,-1.169658543,-0.027298437
-1.081747036,-0.977905063,-0.248732113,-1.307591426,-1.169658543,0.359274413
-1.081747036,-0.977905063,-0.248732113,-1.307591426,-1.169658543,0.496422501
-1.081747036,-0.977905063,-0.248732113,-1.307591426,-1.169658543,0.352168295
-1.081747036,-0.977905063,-0.248732113,-1.307591426,-1.169658543,0.507081679
-1.081747036,-0.977905063,-0.248732113,-1.307591426,-1.169658543,0.353589518
-1.081747036,-0.977905063,-0.248732113,-1.307591426,-1.169658543,0.455207014
-1.081747036,-0.977905063,-0.248732113,-1.307591426,-1.169658543,0.532663706
-1.081747036,-0.977905063,-0.248732113,-1.307591426,-1.169658543,0.481499652
-0.886615908,2.771295873,-0.71636162,0.142916339,0.706555905,-0.239771382
-0.88951063,2.360424537,-0.639692862,0.151065259,0.806350931,-0.23906077
-0.889047713,2.771295873,-0.34186924,0.163288639,0.633223905,-0.235507711
-0.886039052,2.771295873,-0.533079486,0.171437559,0.628308955,-0.239771382
-0.88636099,2.617219122,-0.256999225,0.208107699,0.578414001,-0.23906077
-0.88396111,2.565860205,-0.1422093,0.232554459,0.562702768,-0.239771382
-0.882239804,2.206347787,-0.036734609,0.273299059,0.70288103,-0.239771382
-0.881949492,2.360424537,0.058153351,0.305894739,0.748291867,-0.23906077
-0.886628394,2.257706704,-0.035483435,0.342564879,0.757570343,-0.238350159
-0.888106227,2.103629953,0.18464307,0.387383939,0.876190481,-0.238350159
-0.868861517,1.949553202,0.2255358,0.432202999,1.6552445,-0.23906077
-0.906309,1.744117534,0.319833457,0.46887314,1.664099547,-0.23906077
-0.832935096,1.795476451,0.211593811,0.48924544,0.993704985,-0.236218323
-0.845371512,0.665580279,-0.004022345,0.52999004,1.111796851,-0.233375876
-0.87537116,1.384605116,0.126991886,0.56666018,1.064941412,-0.236218323
-0.857529633,1.744117534,0.175313958,0.58295802,1.072183289,-0.23906077
-0.87770428,1.384605116,0.197208786,0.5951814,0.46144336,-0.233375876
-0.878997206,0.97373378,0.339653535,0.60740478,0.421515066,-0.222006086
-0.815879269,1.281887282,0.4163202,0.61962816,0.395848534,-0.234086487
-0.762839534,1.48732295,-0.335188902,-1.307591426,0.315374135,-0.236928935
-1.081747036,-0.977905063,-0.248732113,-1.307591426,-1.169658543,-0.237639547
-1.081747036,-0.977905063,-0.248732113,-1.307591426,-1.169658543,-0.23906077
-1.081747036,-0.977905063,-0.248732113,1.104488902,-1.169658543,-0.209925684
-1.081747036,-0.977905063,-0.248732113,1.108563362,-1.169658543,-0.226980369
-1.081747036,-0.977905063,-0.248732113,1.161531342,-1.169658543,-0.233375876
-1.081747036,-0.977905063,-0.248732113,1.185978102,-1.169658543,-0.205662013
-1.081747036,-0.977905063,-0.248732113,1.206350402,-1.169658543,-0.222006086
-1.081747036,-0.977905063,-0.248732113,1.222648242,-1.169658543,-0.204240789
-1.081747036,-0.977905063,-0.248732113,1.230797162,-1.169658543,-0.236928935
-1.081747036,-0.977905063,-0.248732113,1.255243922,-1.169658543,-0.238350159
-1.081747036,-0.977905063,-0.248732113,1.283765142,-1.169658543,-0.20068773
-1.081747036,-0.977905063,-0.248732113,1.316360822,-1.169658543,-0.233375876
-1.081747036,-0.977905063,-0.248732113,1.344882042,-1.169658543,-0.229822816
-1.081747036,-0.977905063,-0.248732113,1.377477723,-1.169658543,-0.178658763
-1.081747036,-0.977905063,-0.248732113,1.401924483,-1.169658543,-0.204240789
-1.081747036,-0.977905063,-0.248732113,1.426371243,-1.169658543,-0.149523676
-1.081747036,-0.977905063,-0.248732113,1.434520163,-1.169658543,0.343640952
-1.081747036,-0.977905063,-0.248732113,1.467115843,-1.169658543,0.062238657
-1.081747036,-0.977905063,-0.248732113,1.487488143,-1.169658543,1.516150516
-1.081747036,-0.977905063,-0.248732113,1.495637063,-1.169658543,0.892943918
-1.081747036,-0.977905063,-0.248732113,1.507860443,-1.169658543,0.629306919
-1.081747036,-0.977905063,-0.248732113,-1.307591426,-1.169658543,0.280396497
-1.081747036,-0.977905063,-0.248732113,-1.307591426,-1.169658543,0.177357778
-1.081747036,-0.977905063,-0.248732113,-1.307591426,-1.169658543,-0.059275971
-0.839162405,1.48732295,19.42604352,-1.307591426,7.247682242,-0.238350159
-0.869007547,1.025092697,2.406443594,-1.307591426,10.02023328,-0.23906077
-0.889208402,0.81965703,1.644706631,0.839649001,5.861844253,-0.23906077
-0.892826381,0.460144611,7.716807385,0.900765901,6.219016237,-0.239771382
-0.960081192,0.614221362,1.807838272,0.949659421,4.115035991,-0.239771382
-0.968226275,0.716939196,1.057523531,0.945584961,5.291189434,-0.239771382
-0.888194339,0.768298113,4.267015258,0.986329561,4.007092253,-0.238350159
-0.978325308,0.511503528,1.395039265,1.010776321,1.587622717,-0.23906077
-0.997614626,0.614221362,0.165783278,1.084116602,1.324747388,-0.239771382
-1.005620085,1.949553202,1.168900298,1.104488902,1.65200306,-0.23906077
-1.032491711,1.744117534,1.501187749,1.096339982,1.538454103,-0.23906077
-1.02286676,1.795476451,-0.695843715,1.092265522,1.40217453,-0.236218323
-1.022937721,1.846835368,-2.061505191,1.055595381,1.874742096,-0.239771382
-1.023719885,1.795476451,0.016932974,1.067818762,1.237300325,-0.239771382
-1.023624682,1.744117534,0.268352749,1.080042142,1.285660967,-0.23906077
-1.015849994,0.511503528,-1.38683088,1.063744302,1.079805601,-0.239771382
-1.00981473,0.30606786,-0.759304084,1.063744302,1.026899127,-0.23906077
-0.969680245,1.898194285,-2.011177912,1.104488902,0.966807412,-0.239771382
-0.939481073,0.151991109,-1.980598612,-1.307591426,0.815497846,-0.234797099
-1.081747036,-0.977905063,-0.248732113,-1.307591426,-1.169658543,-0.23906077
-1.081747036,-0.977905063,-0.248732113,-1.307591426,-1.169658543,-0.236218323
-0.150750704,2.719936956,0.643789176,-1.307591426,1.259132022,-0.23906077
0.327945053,2.925372624,-0.278419516,-1.307591426,0.827998798,-0.197134671
0.292220992,2.463142371,-0.577818575,-1.307591426,0.856022495,-0.131047768
-0.339841475,2.15498887,-1.050654497,0.041054838,0.258838017,-0.184343657
-0.184506214,2.052271036,0.523008882,-1.307591426,0.346830398,-0.238350159
-0.250170614,1.744117534,-0.296814524,-1.307591426,0.442106191,-0.23906077
-0.370826047,1.48732295,-1.071388537,-1.307591426,0.387763397,-0.234797099
-0.442546429,1.333246199,-0.488572331,-1.307591426,0.21021676,-0.234797099
0.25506227,1.230528365,-0.287703085,0.342564879,0.116257835,-0.236928935
0.359951443,1.281887282,-0.717417159,0.342564879,-0.217188512,-0.234797099
0.319902017,1.538681867,-0.345362122,0.346639339,-0.442386572,-0.236928935
-0.121899864,1.744117534,-1.855379877,0.330341499,-0.526533379,-0.225559145
-0.279475084,1.898194285,0.031897309,0.338490419,-0.581012309,-0.234797099
0.012087627,2.052271036,-0.203857011,0.342564879,-0.577599364,-0.238350159
-0.135865031,1.898194285,0.681545114,0.362937179,-0.379878366,-0.236928935
-0.055334336,1.795476451,0.682576168,0.379235019,0.110537479,-0.236218323
-0.0334699,1.898194285,0.598170658,0.387383939,0.211215671,-0.234797099
-0.137139807,1.898194285,0.429144591,0.395532859,0.102702075,-0.238350159
-0.117999211,1.949553202,0.621216316,0.403681779,-0.08145873,-0.236928935
-0.079764068,1.48732295,3.689304718,-1.307591426,0.060279554,-0.235507711
-1.081747036,-0.977905063,-0.248732113,-1.307591426,-1.169658543,-0.235507711
-1.081747036,-0.977905063,-0.248732113,-1.307591426,-1.169658543,-0.237639547
-1.081747036,-0.977905063,-0.248732113,-1.307591426,-1.169658543,-0.236218323
-1.081747036,-0.977905063,-0.248732113,-1.307591426,-1.169658543,-0.236928935
-1.081747036,-0.977905063,-0.248732113,-1.307591426,-1.169658543,-0.23906077
-1.081747036,-0.977905063,-0.248732113,-1.307591426,-1.169658543,-0.236218323
-1.081747036,-0.977905063,-0.248732113,-1.307591426,-1.169658543,-0.23906077
-1.081747036,-0.977905063,-0.248732113,-1.307591426,-1.169658543,-0.237639547
-1.081747036,-0.977905063,-0.248732113,-1.307591426,-1.169658543,-0.234086487
-1.081747036,-0.977905063,-0.248732113,-1.307591426,-1.169658543,-0.23906077
-1.081747036,-0.977905063,-0.248732113,-1.307591426,-1.169658543,-0.237639547
-1.081747036,-0.977905063,-0.248732113,-1.307591426,-1.169658543,-0.237639547
-1.081747036,-0.977905063,-0.248732113,-1.307591426,-1.169658543,-0.238350159
-1.081747036,-0.977905063,-0.248732113,-1.307591426,-1.169658543,-0.233375876
-1.081747036,-0.977905063,-0.248732113,-1.307591426,-1.169658543,-0.239771382
-1.081747036,-0.977905063,-0.248732113,-1.307591426,-1.169658543,-0.235507711
-1.081747036,-0.977905063,-0.248732113,-1.307591426,-1.169658543,-0.232665264
-1.081747036,-0.977905063,-0.248732113,-1.307591426,-1.169658543,-0.204951401
-1.081747036,-0.977905063,-0.248732113,-1.307591426,-1.169658543,-0.228401593
-1.081747036,-0.977905063,-0.248732113,-1.307591426,-1.169658543,-0.232665264
-1.081747036,-0.977905063,-0.248732113,-1.307591426,-1.169658543,-0.234797099
-1.081747036,-0.977905063,-0.248732113,-1.307591426,-1.169658543,-0.236218323
-1.081747036,-0.977905063,-0.248732113,-1.307591426,-1.169658543,-0.238350159
-1.081747036,-0.977905063,-0.248732113,-1.307591426,-1.169658543,-0.235507711
2.1056691,1.6413997,-0.241253482,-1.307591426,0.607446409,-0.224848533
1.81660322,2.411783454,-1.124320313,-1.307591426,0.828526384,-0.198555895
1.603420749,2.309065621,0.053608308,-1.307591426,1.20080251,-0.187896717
1.555449699,2.103629953,0.17817139,-0.154519242,0.970558615,-0.144549393
1.438540637,1.898194285,0.480858456,-0.093402342,0.402798464,-0.199266506
1.218706168,1.744117534,-0.440905589,-0.060806662,0.468903614,-0.071356372
1.133628799,1.744117534,-0.938162552,-0.044508822,0.567607539,-0.158051019
1.254092765,1.590040784,1.208747662,0.016608078,0.617502058,-0.152366124
1.38667958,1.025092697,0.977173265,0.102171738,0.716640032,-0.150234288
1.451617387,0.768298113,0.850487541,0.167363099,0.544541416,-0.176526927
1.428608316,0.511503528,0.941289812,0.232554459,0.659309284,-0.205662013
1.592726806,0.203350026,0.854607904,0.293671359,0.530482852,-0.160893466
1.603952855,0.254708943,0.58590049,0.326267039,0.424763897,-0.167999585
1.388823254,0.357426777,1.097870656,0.367011639,0.13748846,-0.106176353
1.38487359,0.151991109,0.911316316,0.411830699,-0.154643812,-0.182211822
1.567845922,0.100632193,0.567682252,0.432202999,-0.214304259,-0.125362873
1.397416654,-0.207521309,0.834360952,0.46479868,-0.296925535,-0.141706946
1.233210707,-0.258880226,0.794545234,0.48924544,-0.31230246,-0.148102453
1.084769997,-0.258880226,0.818629709,0.51776666,-0.335134378,0.0288399
0.974089138,-0.36159806,0.43800948,-1.307591426,-0.416483564,0.627885695
-1.081747036,-0.977905063,-0.248732113,-1.307591426,-1.169658543,0.115534546
-1.081747036,-0.977905063,-0.248732113,-1.307591426,-1.169658543,0.24344468
-0.490740172,-0.515674811,0.187613334,1.291914062,0.903940319,-0.239771382
-0.442578326,-0.721110478,-0.119269811,1.304137442,0.850036449,-0.23906077
-0.543037096,-0.875187229,-1.813408379,1.287839602,0.88700384,-0.238350159
-0.597973685,-0.977905063,-0.851111149,1.271541762,0.970558615,-0.23906077
-0.712161899,-0.926546146,-0.302533538,1.283765142,0.590433887,-0.237639547
-0.736713182,-0.977905063,-0.630546623,1.291914062,0.614013041,-0.239771382
-0.720829054,-0.926546146,-0.297731454,1.300062982,0.520230939,-0.239771382
-0.758003458,-0.875187229,-0.524863942,1.300062982,0.551058929,-0.238350159
-0.790393221,-0.772469395,-0.272803904,1.324509742,0.596978294,-0.239771382
-0.79717602,-0.823828312,-1.034726512,1.320435282,0.695881165,-0.237639547
-0.835768577,-0.875187229,-1.128139793,1.348956502,0.703235192,-0.23906077
-0.780005152,-0.823828312,-0.675343103,1.381552183,0.58761326,-0.234797099
-0.845618545,-0.823828312,0.255346917,1.397850023,0.706576955,-0.238350159
-0.87537116,-0.926546146,0.241629317,1.418222323,0.734790792,-0.238350159
-0.879911923,-0.875187229,-0.014388523,1.454892463,0.773605087,-0.235507711
-0.881496439,-0.875187229,0.048767358,1.491562603,0.737666776,-0.226269757
-0.86366566,-0.875187229,-0.099676273,1.520083823,0.377507451,-0.230533428
-0.823533233,-0.875187229,-0.115954277,1.532307203,0.395848534,-0.226269757
-0.786730496,-0.772469395,-0.290821285,-1.307591426,0.264572093,-0.21987425
-1.081747036,-0.977905063,-0.248732113,-1.307591426,-1.169658543,-0.226269757
-1.081747036,-0.977905063,-0.248732113,-1.307591426,-1.169658543,-0.222716698
-1.081747036,-0.977905063,-0.248732113,0.171437559,-1.169658543,-0.23906077
-1.081747036,-0.977905063,-0.248732113,0.195884319,-1.169658543,-0.239771382
-1.081747036,-0.977905063,-0.248732113,0.228479999,-1.169658543,-0.237639547
-1.081747036,-0.977905063,-0.248732113,0.257001219,-1.169658543,-0.234797099
-1.081747036,-0.977905063,-0.248732113,0.289596899,-1.169658543,-0.230533428
-1.081747036,-0.977905063,-0.248732113,0.301820279,-1.169658543,-0.23124404
-1.081747036,-0.977905063,-0.248732113,0.338490419,-1.169658543,-0.232665264
-1.081747036,-0.977905063,-0.248732113,0.371086099,-1.169658543,-0.236928935
-1.081747036,-0.977905063,-0.248732113,0.383309479,-1.169658543,-0.237639547
-1.081747036,-0.977905063,-0.248732113,0.403681779,-1.169658543,-0.236218323
-1.081747036,-0.977905063,-0.248732113,0.428128539,-1.169658543,-0.23906077
-1.081747036,-0.977905063,-0.248732113,0.46072422,-1.169658543,-0.237639547
-1.081747036,-0.977905063,-0.248732113,0.48109652,-1.169658543,-0.238350159
-1.081747036,-0.977905063,-0.248732113,0.48924544,-1.169658543,-0.237639547
-1.081747036,-0.977905063,-0.248732113,0.48517098,-1.169658543,-0.237639547
-1.081747036,-0.977905063,-0.248732113,0.50554328,-1.169658543,-0.237639547
-1.081747036,-0.977905063,-0.248732113,0.52184112,-1.169658543,-0.238350159
-1.081747036,-0.977905063,-0.248732113,0.52591558,-1.169658543,-0.234797099
-1.081747036,-0.977905063,-0.248732113,0.5340645,-1.169658543,-0.224137921
-1.081747036,-0.977905063,-0.248732113,-1.307591426,-1.169658543,-0.230533428
-1.081747036,-0.977905063,-0.248732113,-1.307591426,-1.169658543,-0.211346908
-1.081747036,-0.977905063,-0.248732113,-1.307591426,-1.169658543,-0.233375876
1.129913868,-0.310239143,-0.011777082,0.63185154,0.627539219,-0.236928935
1.139891694,1.076451614,0.061823116,0.635926,0.526479645,-0.237639547
1.123035983,0.97373378,0.018400792,0.64814938,0.549745085,-0.23906077
1.094649339,0.768298113,-0.084200017,0.66852168,1.272466638,-0.233375876
1.089752722,1.076451614,-0.050663671,0.66444722,1.146148324,-0.234797099
1.083477334,0.922374863,0.012051615,0.68481952,0.881906783,-0.235507711
1.14019091,1.025092697,0.103161876,0.69296844,0.877653841,-0.228401593
1.212465102,0.97373378,0.155132019,0.72556412,0.927805704,-0.235507711
1.178672779,0.81965703,0.195075653,0.770383181,0.896264505,-0.238350159
0.636414949,0.871015947,0.262459775,0.807053321,0.217621397,-0.238350159
0.560311365,0.562862445,-0.017745714,0.851872381,0.205658951,-0.236928935
0.670082027,0.30606786,0.639954856,0.900765901,0.293200028,-0.232665264
0.735319055,0.357426777,0.058121646,0.921138201,0.336982378,-0.228401593
0.620562016,0.049273276,0.482545404,0.949659421,0.416593522,-0.23124404
0.35519957,-0.053444558,1.330582088,0.986329561,0.646344487,-0.233375876
0.221447799,-0.002085641,0.688986552,1.014850781,0.790971206,-0.208504461
0.196658818,-0.258880226,0.425505666,1.039297541,0.548634563,-0.203530178
0.154939969,-0.36159806,-0.023426262,1.035223081,0.691714503,-0.207083237
0.077204917,-0.464315894,-0.027602436,1.051520921,0.918924045,-0.179369374
0.000447277,-0.310239143,-0.068702026,-1.307591426,0.694893269,-0.155919183
-1.081747036,-0.977905063,-0.248732113,-1.307591426,-1.169658543,-0.16231469
-1.081747036,-0.977905063,-0.248732113,-1.307591426,-1.169658543,-0.20068773
0.079873466,1.6413997,0.113964223,-0.077104502,-0.277075079,-0.238350159
0.139264606,2.15498887,-0.020587838,-0.048583282,-0.155112243,-0.216321191
0.158766956,2.000912119,0.03230229,-0.020062062,-0.166426081,-0.208504461
0.153804182,1.846835368,-0.150435277,0.004384698,-0.044188319,-0.11257186
0.200896659,1.692758617,0.000476182,0.032905918,0.063455844,-0.190739164
0.21141335,1.281887282,0.20661154,0.069576058,-0.002804921,-0.230533428
0.151241514,1.127810531,-0.336594751,0.016608078,-0.093422481,-0.233375876
0.30153525,0.97373378,-0.193428051,0.102171738,-0.108151629,-0.232665264
0.252248462,0.871015947,-0.111397893,0.142916339,0.301249371,-0.229822816
-0.173717238,0.716939196,-0.192055407,0.175512019,0.328712972,-0.235507711
-0.08472949,0.614221362,0.345059304,0.204033239,0.653925369,-0.207793849
-0.129273858,0.665580279,0.011422483,0.224405539,0.703235192,-0.229822816
-0.109587339,0.614221362,-0.768860205,0.240703379,0.580010568,-0.213478744
-0.0471219,0.460144611,0.037503992,0.261075679,0.260380971,-0.222716698
-0.12307712,0.254708943,0.197400733,0.305894739,0.733362696,-0.233375876
-0.131894802,0.30606786,0.255800711,0.346639339,-0.004215708,-0.214189355
-0.013712353,0.203350026,-0.019775445,0.371086099,0.818830487,-0.175105703
-0.015087375,0.049273276,-0.060233428,0.379235019,0.513142445,-0.214189355
0.067947898,0.254708943,-0.100646996,0.379235019,0.426379143,-0.202819566
0.033605499,0.871015947,0.312622599,-1.307591426,0.11100223,-0.206372625
-1.081747036,-0.977905063,-0.248732113,-1.307591426,-1.169658543,-0.187186105
-1.081747036,-0.977905063,-0.248732113,-1.307591426,-1.169658543,-0.190028552
1.933488787,2.925372624,0.400219872,-1.307591426,0.111919965,-0.23906077
2.362981037,2.411783454,-4.353047718,-1.307591426,-0.111427677,-0.195002835
2.159262832,2.309065621,-0.347074733,-1.307591426,0.254551047,-0.227690981
1.27821108,1.692758617,0.244810614,-0.097476802,-0.014902793,-0.234086487
1.03552163,1.538681867,-0.216360535,-1.307591426,-0.159175698,-0.23906077
1.304419815,1.538681867,-0.66550233,-1.307591426,-0.302973323,-0.238350159
1.301869937,2.206347787,-0.464156722,-1.307591426,-0.259049845,-0.236928935
1.309530863,2.052271036,-0.172607946,-1.307591426,-0.225937226,-0.237639547
1.437548493,1.230528365,0.026143298,0.273299059,-0.15054594,-0.23124404
1.328674904,1.179169448,-0.248108535,0.297745819,-0.127112658,-0.225559145
1.365878531,1.076451614,-0.132637886,0.314043659,-0.030824478,-0.23906077
1.543804931,0.511503528,-0.140038245,0.326267039,-0.059217031,-0.23906077
1.419525984,0.81965703,-0.133991859,0.342564879,-0.038307517,-0.234086487
1.510900767,0.460144611,0.05056326,0.362937179,-0.009076093,-0.237639547
1.505251616,0.511503528,0.50151325,0.387383939,0.047618462,-0.234797099
1.605877998,0.460144611,-0.841321703,0.383309479,-0.301312123,-0.228401593
1.438746614,0.100632193,-0.165615931,0.399607319,-0.238180793,-0.235507711
1.298080586,0.049273276,-0.476178876,0.407756239,-0.024831622,-0.236928935
1.649113112,0.254708943,0.234126375,0.419979619,0.108989353,-0.23906077
1.630993009,0.871015947,0.188978558,-1.307591426,-0.050968586,-0.236928935
-1.081747036,-0.977905063,-0.248732113,-1.307591426,-1.169658543,-0.229822816
-1.081747036,-0.977905063,-0.248732113,-1.307591426,-1.169658543,-0.236928935
-0.123549555,-0.875187229,0.575256052,-1.307591426,-0.33187588,8.820529792
-1.081747036,-0.977905063,-0.248732113,-1.307591426,-1.169658543,8.937070137
-1.081747036,-0.977905063,-0.248732113,-1.307591426,-1.169658543,8.53273199
-0.312607863,-0.618392644,0.261678756,1.499711523,-0.288470788,-0.117546143
-0.311414798,-0.567033728,0.287282996,-1.307591426,-0.382889994,-0.174395091
-1.081747036,-0.977905063,-0.248732113,-1.307591426,-1.169658543,-0.195713447
-1.081747036,-0.977905063,-0.248732113,-1.307591426,-1.169658543,-0.161604078
-1.081747036,-0.977905063,-0.248732113,-1.307591426,-1.169658543,0.00610032
-1.081747036,-0.977905063,-0.248732113,-1.307591426,-1.169658543,0.215020206
-1.081747036,-0.977905063,-0.248732113,-1.307591426,-1.169658543,0.939133688
-0.800128808,-0.926546146,0.837500751,-1.307591426,0.374077416,4.405498326
-1.081747036,-0.977905063,-0.248732113,-1.307591426,-1.169658543,3.494493925
-1.081747036,-0.977905063,-0.248732113,-1.307591426,-1.169658543,1.442957495
-1.00975843,-0.823828312,0.041639278,-1.307591426,0.060279554,-0.155919183
-1.081747036,-0.977905063,-0.248732113,-1.307591426,-1.169658543,-0.025166601
-1.081747036,-0.977905063,-0.248732113,-1.307591426,-1.169658543,0.039499078
-1.081747036,-0.977905063,-0.248732113,-1.307591426,-1.169658543,-0.230533428
-1.081747036,-0.977905063,-0.248732113,-1.307591426,-1.169658543,-0.229822816
-1.081747036,-0.977905063,-0.248732113,-1.307591426,-1.169658543,-0.188607329
-1.081747036,-0.977905063,-0.248732113,-1.307591426,-1.169658543,-0.145970617
-1.081747036,-0.977905063,-0.248732113,-1.307591426,-1.169658543,-0.216321191
-1.081747036,-0.977905063,-0.248732113,-1.307591426,-1.169658543,-0.144549393
-1.081747036,-0.977905063,-0.248732113,-1.307591426,-1.169658543,-0.114703695
-1.081747036,-0.977905063,-0.248732113,-1.307591426,-1.169658543,-0.168710197
-1.081747036,-0.977905063,-0.248732113,-1.307591426,-1.169658543,-0.208504461
-1.081747036,-0.977905063,-0.248732113,-1.307591426,-1.169658543,-0.219163638
-1.081747036,-0.977905063,-0.248732113,-1.307591426,-1.169658543,-0.236218323
-1.081747036,-0.977905063,-0.248732113,-1.307591426,-1.169658543,-0.22342731
-1.081747036,-0.977905063,-0.248732113,-1.307591426,-1.169658543,-0.236928935
-1.081747036,-0.977905063,-0.248732113,-1.307591426,-1.169658543,-0.1509449
-1.081747036,-0.977905063,-0.248732113,-1.307591426,-1.169658543,-0.078462491
-1.081747036,-0.977905063,-0.248732113,-1.307591426,-1.169658543,-0.18931794
-1.081747036,-0.977905063,-0.248732113,-1.307591426,-1.169658543,-0.169420808
-1.081747036,-0.977905063,-0.248732113,-1.307591426,-1.169658543,-0.169420808
-1.081747036,-0.977905063,-0.248732113,-1.307591426,-1.169658543,-0.190028552
-1.081747036,-0.977905063,-0.248732113,-1.307591426,-1.169658543,-0.191449776
-1.081747036,-0.977905063,-0.248732113,-1.307591426,-1.169658543,-0.165157137
-1.081747036,-0.977905063,-0.248732113,-1.307591426,-1.169658543,-0.215610579
-0.844481479,-0.669751561,-0.416034565,-1.307591426,1.764700846,-0.192871
-1.081747036,-0.977905063,-0.248732113,-1.307591426,-1.169658543,-0.188607329
-1.081747036,-0.977905063,-0.248732113,-1.307591426,-1.169658543,-0.192871
0.62482313,0.511503528,-0.574077652,0.5340645,-0.032079637,-0.138153887
0.642832495,0.716939196,-0.18430659,0.52591558,-0.140664134,-0.11257186
0.706464871,0.922374863,-0.314759195,0.51776666,-0.155499471,-0.103333906
0.705367684,0.81965703,-0.545524538,0.5136922,-0.047822087,-0.106176353
0.648276588,0.716939196,-0.111045303,0.52999004,0.007687646,-0.123231038
0.52682393,1.025092697,-0.550507958,0.52591558,-0.00860387,-0.090542892
0.521215906,0.408785694,-0.225284606,0.57073464,-0.030498199,-0.12038859
0.466730584,0.511503528,0.06988546,0.62370262,0.081976549,-0.135311439
0.420144116,0.460144611,0.177952134,0.66037276,0.187235837,-0.127494709
0.196950071,0.511503528,0.253718527,0.70519182,-0.00726099,-0.140996334
0.203068998,-0.002085641,0.304428301,0.754085341,-0.035495671,0.059396209
0.294455285,0.203350026,-0.597143642,0.786681021,0.042026487,0.083557013
0.361901897,0.100632193,-0.177100699,0.823351161,-0.099283186,-0.138864499
0.455070525,-0.207521309,0.519293029,0.851872381,-0.02849522,-0.126784097
0.53473442,-0.36159806,0.209555914,0.876319141,0.102424388,-0.131047768
0.526082016,-0.104803475,0.001187114,0.896691441,0.045950908,0.030261123
0.54326355,-0.104803475,0.184265865,0.917063741,-0.05153911,0.228521831
0.595279724,-0.104803475,0.11688361,0.933361581,-0.090088894,0.090663131
0.75716784,-0.002085641,0.171498309,0.953733881,-0.235776714,-0.012375588
0.883917384,0.254708943,0.195504612,-1.307591426,-0.371475136,-0.033693944
-1.081747036,-0.977905063,-0.248732113,-1.307591426,-1.169658543,0.433888658
-1.081747036,-0.977905063,-0.248732113,-1.307591426,-1.169658543,0.011785215
-1.052364768,-0.823828312,-0.169904797,-1.307591426,0.822396557,-0.234797099
-1.081747036,-0.977905063,-0.248732113,-1.307591426,-1.169658543,-0.237639547
-1.081747036,-0.977905063,-0.248732113,-1.307591426,-1.169658543,-0.236928935
-1.081747036,-0.977905063,-0.248732113,-1.307591426,-1.169658543,-0.23906077
-1.081747036,-0.977905063,-0.248732113,-1.307591426,-1.169658543,-0.239771382
-1.081747036,-0.977905063,-0.248732113,-1.307591426,-1.169658543,-0.23906077
-1.081747036,-0.977905063,-0.248732113,-1.307591426,-1.169658543,-0.239771382
-1.081747036,-0.977905063,-0.248732113,-1.307591426,-1.169658543,-0.23906077
-1.081747036,-0.977905063,-0.248732113,-1.307591426,-1.169658543,-0.234797099
-1.081747036,-0.977905063,-0.248732113,-1.307591426,-1.169658543,-0.234086487
-1.081747036,-0.977905063,-0.248732113,-1.307591426,-1.169658543,-0.238350159
-1.081747036,-0.977905063,-0.248732113,-1.307591426,-1.169658543,-0.239771382
-0.874079966,-0.156162392,-0.337692785,-1.307591426,0.358426476,0.035235406
-1.081747036,-0.977905063,-0.248732113,-1.307591426,-1.169658543,0.00965338
-1.081747036,-0.977905063,-0.248732113,-1.307591426,-1.169658543,-0.122520426
-0.666255217,0.151991109,0.083963856,0.59925586,1.20319352,-0.237639547
-0.591208075,0.922374863,-0.195255025,0.54221342,1.963830629,-0.215610579
-0.567558701,1.127810531,-0.328275106,0.50554328,1.345230698,-0.237639547
-0.623463253,0.049273276,0.152520517,0.49739436,0.674620094,-0.238350159
-0.597136193,0.049273276,0.117316658,0.50961774,0.672220457,-0.23906077
-0.706865312,-0.002085641,-0.268649886,0.48517098,0.809145883,-0.23906077
-0.701021805,-0.002085641,0.26929154,0.48109652,0.755097413,-0.237639547
-0.711930696,0.151991109,-0.126853284,0.4729476,1.284551019,-0.239771382
-0.777096872,0.151991109,0.223931653,0.48517098,1.344485,-0.238350159
-0.787081239,0.30606786,0.304923116,0.5136922,2.039080055,-0.23906077
-0.775796903,0.254708943,0.563164038,0.53813896,2.032923582,-0.239771382
-0.741823206,0.203350026,-0.083639061,0.58295802,1.949995037,-0.23906077
-0.770137954,0.100632193,0.44620015,0.60333032,1.788365132,-0.238350159
-0.767082963,0.049273276,0.546421172,0.64407492,1.746309957,-0.237639547
-0.773130042,-0.053444558,0.408226543,0.66444722,1.75508292,-0.226269757
-0.73640861,0.049273276,-0.002872701,0.70926628,1.31166677,-0.233375876
-0.7754749,0.049273276,-0.086843414,0.7174152,1.400967872,-0.236218323
-0.761822093,-0.002085641,-0.102882792,-1.307591426,1.46881298,-0.238350159
-1.081747036,-0.977905063,-0.248732113,-1.307591426,-1.169658543,-0.237639547
-1.081747036,-0.977905063,-0.248732113,-1.307591426,-1.169658543,-0.239771382
3.167467426,0.100632193,12.5850053,-1.307591426,0.530077905,-0.224848533
3.260857758,1.179169448,2.604862678,-1.307591426,-0.114531643,-0.220584862
3.125315673,1.744117534,1.652065256,0.069576058,0.013531569,-0.21205752
3.11899459,1.127810531,2.821839524,0.265150139,0.310004708,-0.178658763
3.144335583,1.076451614,-0.353688713,0.224405539,0.206434796,-0.118967367
3.282911439,1.48732295,-0.062112658,0.212182159,0.369412913,-0.135311439
2.907296317,1.744117534,-4.637583716,0.057352678,0.343859562,-0.068513925
2.510098927,1.538681867,-0.154023147,0.208107699,4.943612986,-0.224848533
2.564577509,2.052271036,0.107493094,0.228479999,4.519878516,-0.222006086
2.442279939,2.360424537,0.363932747,0.252926759,4.662460593,-0.224848533
2.540518815,1.538681867,0.487873798,0.297745819,5.382506785,-0.234086487
2.517146201,1.949553202,0.137404964,0.322192579,2.599764802,-0.228401593
2.12294197,2.103629953,-0.081174268,0.334415959,1.149635678,-0.234086487
1.392075827,1.846835368,0.091422368,0.346639339,1.182524478,-0.232665264
1.364488353,2.052271036,0.445224918,0.387383939,1.277082813,-0.21987425
1.060872902,1.795476451,0.467886083,0.399607319,1.40121588,-0.228401593
0.973958938,0.922374863,0.598170658,0.428128539,1.586970862,-0.193581612
0.893308478,2.206347787,-0.485992228,0.432202999,1.712705913,-0.159472242
0.816177494,2.206347787,-0.587590352,0.432202999,1.482260105,-0.190739164
0.806641284,0.151991109,-0.813850172,-1.307591426,1.391281181,-0.196424059
-1.081747036,-0.977905063,-0.248732113,-1.307591426,-1.169658543,-0.201398342
-1.081747036,-0.977905063,-0.248732113,-1.307591426,-1.169658543,-0.21987425
-0.822950137,-0.926546146,0.349882287,1.626019783,-0.146237216,-0.23906077
-0.741637926,-0.977905063,0.547176755,1.638243163,-0.322579865,-0.233375876
-0.885347912,-0.977905063,-0.170720091,1.654541003,-0.437292434,-0.23906077
-0.913338147,-0.977905063,0.045307934,1.674913304,-0.216762419,-0.236928935
-0.838084304,-0.823828312,-0.710046952,1.691211144,-0.261115719,-0.238350159
-0.794335835,-0.669751561,-0.601165099,1.707508984,0.489867554,-0.236928935
-0.842330623,-0.875187229,1.324716961,1.736030204,0.737197332,-0.23906077
-0.916533253,-0.721110478,0.148325026,1.740104664,0.853288791,-0.236218323
-0.95257106,-0.926546146,1.175767226,1.756402504,0.742419598,-0.235507711
-0.972081298,-0.823828312,0.436521949,1.772700344,0.973870994,-0.235507711
-0.966743383,-0.772469395,0.418976245,1.776774804,0.981548272,-0.239771382
-0.97875448,-0.772469395,-0.071675326,1.776774804,0.966084718,-0.236218323
-0.981460046,-0.823828312,-0.513657281,1.768625884,0.978053286,-0.236218323
-0.992719556,-0.875187229,0.339780207,1.772700344,1.096833868,-0.236218323
-0.962434655,-0.875187229,-8.962288182,1.568977343,0.926767284,0.25481447
-0.961396816,-0.926546146,-1.200655919,1.687136684,0.83792043,-0.037247003
-0.952782149,-0.875187229,-0.194544549,1.666764383,0.31491754,0.151775751
-0.959950186,-0.875187229,0.015416281,1.621945323,0.381683361,0.896496977
-0.939284532,-0.926546146,-0.444371676,1.609721943,0.259921426,0.749400322
-0.965262612,-0.823828312,-0.049733755,-1.307591426,-0.005760649,0.499264949
-1.081747036,-0.977905063,-0.248732113,-1.307591426,-1.169658543,0.401200513
-1.081747036,-0.977905063,-0.248732113,-1.307591426,-1.169658543,0.070055387
0.66036578,0.049273276,-0.182044302,-1.307591426,-0.079028424,-0.236928935
0.606640154,0.357426777,-0.151080409,-1.307591426,-0.100664619,-0.238350159
0.576244327,0.81965703,-0.050603013,-1.307591426,0.023011312,-0.239771382
0.531206834,0.768298113,-0.032758122,0.55036234,0.275737907,-0.237639547
0.458469346,0.665580279,0.142831624,0.5748091,0.121828416,-0.236218323
0.667508503,0.665580279,-2.391233139,0.5544368,-0.357733531,-0.159472242
0.530734259,0.151991109,0.664139917,0.59110694,-0.008886578,-0.227690981
0.508561739,-0.156162392,0.053710778,0.61962816,0.516394955,-0.224848533
0.480345307,-0.258880226,-0.030529641,0.64000046,0.382657231,-0.233375876
0.435671922,-0.002085641,0.031209142,0.66037276,0.419103728,-0.233375876
0.336717788,-0.104803475,0.201614124,0.69296844,0.564174839,-0.228401593
0.289809401,0.049273276,0.327167346,0.72963858,0.586460585,-0.239771382
0.527425938,-0.207521309,-1.185012802,0.74186196,0.387528792,-0.167288973
0.467563447,0.100632193,-0.598554981,0.74593642,0.261812215,-0.228401593
0.484728151,0.100632193,-0.432069186,0.754085341,0.283987752,-0.238350159
0.47534284,-0.207521309,-0.21384335,0.762234261,0.366064882,-0.180790598
0.377157978,-0.156162392,-0.316191023,0.766308721,0.357709322,-0.18931794
0.378940413,-0.156162392,-0.169957415,0.774457641,0.401689115,-0.145970617
0.32977963,0.049273276,-0.196197618,0.778532101,0.252807192,-0.167999585
0.281871127,0.254708943,-0.050438475,-1.307591426,0.287749612,-0.165867749
-1.081747036,-0.977905063,-0.248732113,-1.307591426,-1.169658543,-0.12038859
-1.081747036,-0.977905063,-0.248732113,-1.307591426,-1.169658543,-0.185054269
0.717838506,-0.310239143,-0.098564287,0.273299059,-0.013459951,-0.239771382
0.883056982,-0.618392644,-0.142095491,0.277373519,0.321839919,-0.236928935
1.007805779,-0.721110478,-0.266411792,0.285522439,0.331116032,-0.23906077
1.101597904,-0.823828312,-0.442909477,0.269224599,0.112735161,-0.229112204
1.059774108,-0.875187229,-1.309109555,0.273299059,0.24278231,-0.224848533
1.176813032,-0.926546146,-0.387460898,0.167363099,-0.287896585,-0.232665264
1.066786803,-0.823828312,0.162719769,0.183660939,-0.099729154,-0.229822816
1.053899415,-0.823828312,0.115112292,0.204033239,-0.086602058,-0.236928935
0.967281891,-0.823828312,-0.194315767,0.228479999,0.039277838,-0.236218323
0.8183233,-0.721110478,-0.015871265,0.269224599,-0.025706426,-0.236218323
0.605484805,-0.515674811,0.639060673,0.322192579,0.018153451,-0.236218323
0.703811523,-0.823828312,0.366641467,0.383309479,0.134350176,-0.236928935
0.730174526,-0.823828312,0.460402464,0.44442638,-0.082039068,-0.237639547
0.681021449,-0.823828312,0.267372897,0.50146882,0.043476313,-0.238350159
0.643747552,-0.772469395,-0.001691799,0.54221342,-0.14296583,-0.224137921
0.606696612,-0.772469395,-0.400951081,0.56258572,0.258842291,-0.231954652
0.617217533,-0.772469395,0.053022065,0.59110694,0.477438428,-0.22342731
0.619782713,-0.721110478,0.123078665,0.61962816,0.373428318,-0.215610579
0.558965686,-0.721110478,-0.270120419,0.63185154,0.201557303,-0.203530178
0.467260044,-0.823828312,-0.311762665,-1.307591426,0.475516498,-0.195713447
-1.081747036,-0.977905063,-0.248732113,-1.307591426,-1.169658543,-0.205662013
-1.081747036,-0.977905063,-0.248732113,-1.307591426,-1.169658543,-0.217742415
1.091168485,2.771295873,0.054070186,-0.203412763,0.030637957,-0.230533428
1.003326431,1.435964033,0.42448381,-0.162668162,-0.113704473,-0.237639547
1.073032537,1.898194285,0.156929254,-0.121923562,-0.116901363,-0.233375876
0.899828704,1.333246199,-0.645112715,-0.097476802,-0.003344903,-0.237639547
0.901635718,1.076451614,1.438679422,-0.052657742,0.097208202,-0.236928935
0.912073353,1.48732295,-0.242557101,-0.011913142,0.047302069,-0.23906077
0.753366901,1.538681867,0.562131452,0.049203758,0.064113089,-0.238350159
0.776925178,1.538681867,-0.474171976,0.069576058,-0.0056799,-0.238350159
0.909220511,1.230528365,0.192112718,0.118469578,-0.030644247,-0.23906077
0.741368774,1.179169448,-0.070448359,0.171437559,0.113535641,-0.233375876
0.819486769,1.076451614,-0.234846251,0.159214179,0.022479701,-0.232665264
0.909839942,1.025092697,-0.060368116,0.261075679,0.172696329,-0.225559145
0.85862482,0.716939196,-0.063554808,0.305894739,-0.105495561,-0.233375876
0.917247544,0.665580279,0.050591076,0.338490419,0.050585059,-0.227690981
0.993945754,0.614221362,-0.228398114,0.367011639,-0.035100696,-0.21987425
1.200934267,0.716939196,-0.769814698,0.407756239,0.06500674,-0.040800062
1.198612442,0.922374863,-0.335771997,0.44442638,0.194808134,-0.017349871
1.218571334,0.922374863,0.308963619,0.47702206,0.102702075,-0.133179604
1.236416378,1.025092697,0.157199033,0.4933199,0.169528725,-0.114703695
1.245371244,0.97373378,0.129625739,-1.307591426,0.143701047,-0.12038859
-1.081747036,-0.977905063,-0.248732113,-1.307591426,-1.169658543,0.096348026
-1.081747036,-0.977905063,-0.248732113,-1.307591426,-1.169658543,0.127614948
0.761402411,1.435964033,-1.219344137,0.44035192,0.61133262,-0.236928935
0.745667715,1.076451614,-0.297999309,0.46887314,0.300277207,-0.239771382
0.879375771,1.127810531,0.374709087,0.49739436,0.174122622,-0.238350159
0.943510696,1.127810531,-0.723563695,0.50146882,0.414211483,-0.237639547
0.894326614,0.922374863,-0.383933783,0.50961774,0.430265252,-0.239771382
0.858305085,0.97373378,-0.560359847,0.5136922,0.316164058,-0.238350159
0.965170591,0.81965703,0.167418666,0.52999004,0.266846278,-0.23124404
0.879936244,0.460144611,0.139001672,0.57073464,0.771827541,-0.23906077
0.603392356,0.511503528,0.5788669,0.59110694,1.212624996,-0.234086487
0.184730864,0.408785694,1.928753109,0.62777708,0.901926352,-0.238350159
0.3304467,0.357426777,-0.254055233,0.62777708,0.998020433,-0.236928935
0.30942038,0.562862445,-0.491604732,0.63185154,1.208071778,-0.229112204
0.341747787,0.562862445,-0.784920255,0.66444722,0.886381689,-0.233375876
0.113882428,0.562862445,4.03E-05,0.6766706,1.185592228,-0.230533428
-0.073363781,0.511503528,-0.016454814,0.69296844,1.326581234,-0.218453027
0.008632996,0.562862445,0.127377025,0.73371304,1.618545089,-0.185764881
0.00680794,0.460144611,0.16765946,0.766308721,1.394916646,-0.199266506
0.258031354,0.357426777,0.104210967,0.782606561,1.038400579,-0.202108954
0.450202668,0.357426777,-0.454733435,0.782606561,1.131818274,-0.212768132
0.431260699,0.511503528,-0.36278362,-1.307591426,0.94586304,-0.22342731
-1.081747036,-0.977905063,-0.248732113,-1.307591426,-1.169658543,-0.199266506
-1.081747036,-0.977905063,-0.248732113,-1.307591426,-1.169658543,-0.209925684
-0.169401341,0.716939196,-0.650774073,0.74186196,-0.0932538,-0.233375876
-0.083628444,0.716939196,0.575146409,0.770383181,-0.100671237,-0.23124404
-0.222886888,0.511503528,-0.270717699,0.807053321,-0.033561645,-0.229112204
-0.348048063,0.254708943,-0.153326674,0.851872381,0.075343968,-0.226980369
-0.266049062,0.049273276,0.595698058,0.892616981,0.080734963,-0.234086487
-0.265858499,-0.156162392,0.015763028,0.937436041,0.104221823,-0.232665264
-0.228233618,-0.258880226,0.409595378,0.978180641,0.057791487,-0.231954652
-0.277873947,-0.258880226,0.249869479,1.010776321,0.126579977,-0.235507711
-0.359018587,-0.310239143,0.042839811,1.035223081,0.259542835,-0.227690981
-0.248666459,-0.36159806,0.63732906,1.059669842,0.334910558,-0.230533428
-0.408124901,-0.464315894,0.078176675,1.092265522,0.482026917,-0.228401593
-0.347596561,-0.464315894,0.406144988,1.120786742,0.633241788,-0.231954652
-0.271332346,-0.464315894,0.166367207,1.149307962,0.259548063,-0.236218323
-0.2843829,-0.618392644,0.097310621,1.185978102,0.413853985,-0.229822816
-0.295146968,-0.618392644,0.284056342,1.230797162,0.585976489,-0.096938399
-0.34338358,-0.618392644,-0.033225724,1.275616222,0.621711695,-0.177948151
-0.27055498,-0.669751561,0.173145869,1.300062982,0.514295481,-0.161604078
-0.364475227,-0.618392644,-0.08271025,1.320435282,0.551158615,-0.13957511
-0.29331291,-0.721110478,0.182615269,1.328584202,0.454781533,-0.1509449
-0.328720144,-0.721110478,-0.269891868,-1.307591426,0.52272018,-0.160893466
-1.081747036,-0.977905063,-0.248732113,-1.307591426,-1.169658543,-0.108308189
-1.081747036,-0.977905063,-0.248732113,-1.307591426,-1.169658543,-0.138153887
0.8041254,2.719936956,0.848398916,-0.219710603,-0.199864231,-0.231954652
0.576690991,1.6413997,1.013965771,-0.166742622,-0.304083386,-0.239771382
0.433781032,1.48732295,0.46200207,-0.121923562,-0.12406252,-0.237639547
0.186260793,1.281887282,-0.394173678,-0.093402342,-0.067031407,-0.232665264
0.099195467,1.076451614,1.090153675,-0.040434362,-0.003450577,-0.230533428
0.35788522,1.333246199,0.54422067,-0.011913142,0.522620127,-0.23906077
0.359450916,0.408785694,0.225170437,0.045129298,0.440409805,-0.220584862
0.326720473,0.665580279,0.402043103,0.081799438,0.45505205,-0.217742415
0.332888823,0.408785694,0.528321789,0.130692958,0.437425678,-0.226269757
0.391409474,0.203350026,0.684984421,0.159214179,0.328712972,-0.235507711
0.39139732,-0.053444558,0.35662974,0.208107699,0.319194587,-0.232665264
0.523564229,-0.207521309,0.282884758,0.248852299,0.272080691,-0.226269757
0.578786913,-0.310239143,0.211890475,0.281447979,0.329659196,-0.207083237
0.548504966,-0.36159806,0.257648773,0.309969199,0.466125403,-0.222716698
0.495327126,-0.258880226,0.316354033,0.322192579,0.689253433,-0.229822816
0.445004929,-0.258880226,0.328028018,0.342564879,1.162645683,-0.214899967
0.385442351,-0.310239143,0.321252927,0.358862719,1.237270773,-0.172973868
0.301594516,-0.36159806,0.363489607,0.379235019,1.316114695,-0.137443275
0.309585737,-0.464315894,0.249218841,0.395532859,1.023251326,-0.209925684
0.286136501,-0.104803475,-0.12275537,-1.307591426,1.185378356,-0.1509449
-1.081747036,-0.977905063,-0.248732113,-1.307591426,-1.169658543,-0.169420808
-1.081747036,-0.977905063,-0.248732113,-1.307591426,-1.169658543,-0.172973868
0.953252551,-0.464315894,0.991679417,0.835574541,-1.165975773,-0.12394165
0.712668128,-0.515674811,0.418100909,0.864095761,-1.165442026,0.072897835
0.607421167,-0.926546146,0.650297978,0.892616981,-0.698596304,0.204361028
0.549083435,-0.926546146,0.79493491,0.921138201,-0.357764381,0.215020206
0.454989316,-0.772469395,0.731678989,0.941510501,-0.280363365,0.219994489
0.396571695,-0.772469395,0.593362058,0.957808341,-0.173013193,0.506371067
0.324349711,-0.823828312,0.438542051,-1.307591426,-0.212540454,0.319480149
-1.081747036,-0.977905063,-0.248732113,-1.307591426,-1.169658543,0.321611985
-1.081747036,-0.977905063,-0.248732113,-1.307591426,-1.169658543,0.301714853
-0.555727278,-0.258880226,-0.093409389,1.031148621,0.809000422,-0.234797099
-0.550564584,-0.310239143,-0.199799417,1.006701861,0.792733571,-0.237639547
-0.533786605,-0.36159806,-0.146784682,0.970031721,0.772348495,-0.208504461
-0.428854524,-0.412956977,-0.074203345,0.957808341,0.628093207,-0.18931794
-0.501141595,-0.464315894,-0.335396257,0.957808341,0.700051662,-0.226269757
-0.477567025,-0.515674811,0.208320007,0.949659421,0.810084432,-0.235507711
-0.477635825,-0.515674811,0.165776116,0.970031721,0.847584809,-0.23124404
-0.543776719,-0.36159806,1.291843763,0.994478481,0.553662448,-0.23906077
-0.456294416,-0.36159806,-0.056821189,1.014850781,0.529899115,-0.239771382
-0.503657171,-0.207521309,0.570067323,1.047446461,0.661764149,-0.231954652
-0.572393336,-0.36159806,0.504304156,1.092265522,1.06731745,-0.227690981
-0.627106292,-0.310239143,-0.058239998,1.128935662,1.381030354,-0.226269757
-0.58707449,-0.310239143,-0.408818312,1.153382422,1.470893371,-0.234086487
-0.56963861,-0.310239143,0.350089749,1.185978102,1.111796851,-0.231954652
-0.59005571,-0.104803475,0.182261305,1.214499322,0.997899636,-0.229112204
-0.602232134,-0.36159806,0.14610949,1.238946082,1.009800564,-0.160893466
-0.702359725,-0.515674811,0.201784378,1.267467302,0.918643982,-0.180079986
-0.682564339,-0.36159806,0.298560694,1.287839602,0.979834984,-0.195002835
-0.72305596,-0.412956977,0.256259383,1.300062982,1.12234383,-0.187896717
-0.70324184,-0.156162392,-0.406396074,-1.307591426,1.106824093,-0.207793849
-1.081747036,-0.977905063,-0.248732113,-1.307591426,-1.169658543,-0.221295474
-1.081747036,-0.977905063,-0.248732113,-1.307591426,-1.169658543,-0.225559145
0.935328452,-0.772469395,0.272536079,0.847797921,-0.201951387,0.141116573
1.033063922,-0.875187229,0.069321337,0.884468061,-0.289424026,0.000415425
0.933171214,-0.977905063,0.249505315,0.912989281,-0.250914484,0.140405961
0.853416653,-0.875187229,0.154697414,0.937436041,-0.156473278,0.248418963
0.78515582,-0.669751561,0.412839921,0.953733881,-0.069999297,-0.063539642
0.738166067,-0.823828312,0.048430885,0.965957261,-0.052320826,0.301004241
0.739347324,-0.823828312,-0.349311086,-1.307591426,-0.14111482,0.042341525
-1.081747036,-0.977905063,-0.248732113,-1.307591426,-1.169658543,0.146801468
-1.081747036,-0.977905063,-0.248732113,-1.307591426,-1.169658543,0.079293341
1.933488787,2.925372624,-0.372062852,-0.329721023,-0.297065002,-0.220584862
3.260857758,2.925372624,0.659264801,-0.293050883,-0.241591869,-0.210636296
1.828057648,2.82265479,-0.826013689,-0.276753043,-0.346149237,-0.233375876
1.172277507,2.771295873,-0.938789515,-0.268604123,-0.254421291,-0.232665264
0.931991588,2.617219122,0.212276742,-0.244157363,-0.295611662,-0.234086487
1.096281287,2.411783454,-0.341624691,-0.223785063,-0.277527308,-0.210636296
0.965170591,2.206347787,-0.031826556,-0.207487223,-0.328233034,-0.236218323
0.214235008,2.052271036,-0.736755931,-0.174891542,-0.216988778,-0.228401593
1.38667958,2.052271036,-0.14664812,-0.142295862,-0.172267492,-0.234086487
1.286083419,1.949553202,0.025005537,-0.113774642,-0.203286375,-0.234797099
1.180477951,1.898194285,-0.336177745,-0.093402342,-0.173131454,-0.218453027
1.304028626,1.744117534,0.529353338,-0.056732202,-0.045539058,-0.220584862
1.083640528,1.538681867,-0.863198729,-0.036359902,0.244035857,-0.229112204
1.176631082,1.333246199,0.358131667,0.008459158,0.330573401,-0.233375876
1.030429341,1.076451614,-0.461594092,0.041054838,0.275838266,-0.233375876
1.152831905,1.025092697,0.816588759,0.081799438,0.118667334,-0.234086487
1.041078558,1.025092697,-0.066773921,0.098097278,0.129099144,-0.222716698
1.097432798,1.025092697,0.237940803,0.122544038,0.099209385,-0.225559145
1.094831999,0.922374863,-0.242292392,0.130692958,0.074544656,-0.18931794
1.207520056,0.871015947,-0.095673155,-1.307591426,-0.144680392,-0.182211822
-1.081747036,-0.977905063,-0.248732113,-1.307591426,-1.169658543,-0.199266506
-1.081747036,-0.977905063,-0.248732113,-1.307591426,-1.169658543,-0.176526927
0.797439489,0.254708943,-0.210095844,-1.307591426,0.447784442,-0.138153887
1.074446334,0.357426777,-0.222283457,-1.307591426,0.222892375,-0.130337156
0.867848718,0.922374863,-0.529130686,-1.307591426,0.005573888,-0.094806563
0.355829962,0.768298113,0.131357737,0.257001219,0.332474595,-0.12038859
0.782112195,0.768298113,0.006369575,-1.307591426,0.552012474,-0.155208571
1.600028261,0.716939196,-0.080575913,-1.307591426,0.164187819,-0.124652261
1.276516826,0.871015947,0.814101316,0.50554328,0.413249348,-0.09338534
0.807319687,0.665580279,4.002186456,0.57888356,-0.150115239,-0.04364251
0.726983128,0.665580279,-0.136052622,0.59110694,-0.101709189,-0.099780846
0.685202785,0.614221362,0.510635909,0.635926,0.189980981,-0.155208571
0.724705732,0.460144611,0.318921097,0.65222384,0.186900029,-0.098359623
0.732217771,0.81965703,0.240284628,0.6766706,0.197633846,-0.091964116
0.964135664,0.768298113,0.329069576,0.6970429,0.130921795,-0.078462491
0.237645632,0.768298113,0.45140878,0.72963858,-0.272102058,0.102032921
0.149046024,0.151991109,0.048010596,0.758159801,-0.058658482,0.00610032
0.136074414,0.460144611,-0.035310073,0.786681021,-0.235722176,0.41541275
0.077658507,0.100632193,0.117401355,0.815202241,-0.516265794,0.507081679
0.035654221,0.049273276,0.244130879,0.831500081,-0.51970999,0.834673745
0.070028802,1.949553202,-0.251845771,0.839649001,-0.725117332,0.949082254
0.089322418,0.203350026,-0.831283689,-1.307591426,-0.616913118,0.758638277
-1.081747036,-0.977905063,-0.248732113,-1.307591426,-1.169658543,0.922079004
-1.081747036,-0.977905063,-0.248732113,-1.307591426,-1.169658543,0.849596594
-0.972207346,-0.926546146,-0.366304153,-1.307591426,0.459734138,-0.239771382
-1.081747036,-0.977905063,-0.248732113,-1.307591426,-1.169658543,-0.23906077
0.259645424,0.357426777,-0.316599846,0.831500081,-0.477964281,3.638037521
0.355316797,0.511503528,-0.163225785,0.847797921,-0.476470607,2.378122698
0.273835626,0.511503528,-0.061291338,0.884468061,-0.479298984,4.313829396
0.288242031,0.562862445,0.06111755,0.900765901,-0.468185713,3.953549185
0.291608898,0.408785694,0.103026564,0.925212661,-0.519372214,2.729164956
0.301633996,0.357426777,0.116855632,0.933361581,-0.587693123,3.245069164
0.278982258,0.151991109,0.225228195,-1.307591426,-0.640629964,2.943769736
-1.081747036,-0.977905063,-0.248732113,-1.307591426,-1.169658543,3.171165531
-1.081747036,-0.977905063,-0.248732113,-1.307591426,-1.169658543,3.109342299
-1.081747036,-0.977905063,-0.248732113,-1.307591426,-1.169658543,0.512766574
-1.081747036,-0.977905063,-0.248732113,-1.307591426,-1.169658543,0.757927665
-1.081747036,-0.977905063,-0.248732113,-1.307591426,-1.169658543,0.738741145
-0.548795241,-0.772469395,0.48841399,-1.307591426,0.196076084,1.369053862
-1.081747036,-0.977905063,-0.248732113,-1.307591426,-1.169658543,1.354131013
-1.081747036,-0.977905063,-0.248732113,-1.307591426,-1.169658543,0.734477473
-1.081747036,-0.977905063,-0.248732113,-1.307591426,-1.169658543,-0.239771382
-1.081747036,-0.977905063,-0.248732113,-1.307591426,-1.169658543,-0.17368448
-1.081747036,-0.977905063,-0.248732113,-1.307591426,-1.169658543,-0.210636296
-1.081747036,-0.977905063,-0.248732113,-1.307591426,-1.169658543,-0.187186105
-1.081747036,-0.977905063,-0.248732113,-1.307591426,-1.169658543,-0.236218323
-1.081747036,-0.977905063,-0.248732113,-1.307591426,-1.169658543,-0.236928935
-1.081747036,-0.977905063,-0.248732113,-1.307591426,-1.169658543,-0.209215072
-1.081747036,-0.977905063,-0.248732113,-1.307591426,-1.169658543,-0.238350159
-1.081747036,-0.977905063,-0.248732113,-1.307591426,-1.169658543,-0.235507711
-1.081747036,-0.977905063,-0.248732113,-1.307591426,-1.169658543,-0.233375876
-1.081747036,-0.977905063,-0.248732113,-1.307591426,-1.169658543,-0.239771382
-1.081747036,-0.977905063,-0.248732113,-1.307591426,-1.169658543,-0.238350159
-1.081747036,-0.977905063,-0.248732113,-1.307591426,-1.169658543,-0.234086487
-1.081747036,-0.977905063,-0.248732113,-1.307591426,-1.169658543,-0.237639547
-1.081747036,-0.977905063,-0.248732113,-1.307591426,-1.169658543,-0.236218323
-1.081747036,-0.977905063,-0.248732113,-1.307591426,-1.169658543,-0.238350159
-1.081747036,-0.977905063,-0.248732113,-1.307591426,-1.169658543,-0.226980369
-1.081747036,-0.977905063,-0.248732113,-1.307591426,-1.169658543,-0.219163638
-1.081747036,-0.977905063,-0.248732113,-1.307591426,-1.169658543,-0.210636296
-1.081747036,-0.977905063,-0.248732113,-1.307591426,-1.169658543,-0.226980369
-1.081747036,-0.977905063,-0.248732113,-1.307591426,-1.169658543,-0.229822816
0.8041254,0.254708943,0.695332063,-0.146370322,-0.465368722,-0.154497959
1.074446334,-0.002085641,-0.168666779,-0.085253422,-0.563707351,-0.142417558
1.007805779,-0.002085641,-0.676509844,-0.011913142,-0.521340945,-0.23124404
1.032293639,-0.104803475,0.103944329,0.045129298,-0.512907289,-0.226980369
1.089752722,-0.156162392,0.389001686,0.089948358,-0.480362183,-0.221295474
0.733211233,-0.104803475,1.213800613,0.155139719,-0.523084144,-0.236928935
0.791296276,-0.412956977,-0.177101571,0.204033239,-0.495401865,-0.237639547
0.214235008,-0.002085641,0.554102674,0.273299059,-0.414348569,-0.23906077
1.03882595,-0.412956977,0.770752249,0.338490419,-0.398044572,-0.238350159
0.972923118,-0.207521309,0.687085101,0.419979619,-0.389130009,-0.233375876
0.739801181,0.203350026,0.444030366,0.47702206,-0.308584027,-0.226269757
0.616786587,0.100632193,0.895757612,0.5136922,-0.277385873,-0.231954652
0.675853579,0.203350026,0.230090823,0.54221342,-0.298159492,-0.229112204
0.605409375,-0.36159806,0.377267096,0.58295802,-0.285272306,-0.204240789
0.59683232,-0.207521309,0.455304098,0.62777708,-0.235448893,-0.212768132
0.630273916,-0.258880226,0.603808802,0.66852168,-0.229374011,-0.204951401
0.618409219,0.049273276,0.043333014,0.68074506,-0.201351961,-0.226980369
0.62398449,0.100632193,0.446059965,0.70111736,-0.167122479,-0.232665264
0.584196728,0.151991109,0.621216316,0.72148966,-0.131237336,-0.21987425
0.658269652,-0.772469395,0.223488825,-1.307591426,-0.155297476,-0.234797099
-1.081747036,-0.977905063,-0.248732113,-1.307591426,-1.169658543,-0.236218323
-1.081747036,-0.977905063,-0.248732113,-1.307591426,-1.169658543,-0.228401593
-0.933793716,-0.926546146,-0.322040458,-1.307591426,0.11100223,0.51489841
-1.081747036,-0.977905063,-0.248732113,-1.307591426,-1.169658543,0.66057384
-1.081747036,-0.977905063,-0.248732113,-1.307591426,-1.169658543,0.93202757
0.009903756,1.435964033,-0.160566197,0.208107699,0.111227401,-0.203530178
-0.01223324,1.281887282,0.227948582,0.224405539,0.134204329,-0.216321191
-0.033947393,1.333246199,0.288743684,0.232554459,0.158442759,-0.217031803
-0.024703307,1.179169448,-0.148882007,0.244777839,0.201188878,-0.179369374
-0.059505773,1.230528365,0.030843369,0.309969199,0.229570492,-0.197134671
-0.224349947,1.281887282,-0.512723814,0.326267039,0.251109575,-0.21205752
-0.131339721,0.81965703,0.303364658,0.354788259,0.205763816,-0.226980369
-0.2175539,0.922374863,0.187774224,0.383309479,0.23834193,-0.232665264
-0.153506504,0.871015947,0.150394578,0.411830699,0.291671391,-0.232665264
-0.255674727,0.768298113,-0.28331293,0.424054079,0.27656403,-0.21987425
-0.321154631,0.614221362,0.050750538,0.46479868,0.372688944,-0.22342731
-0.201818762,0.562862445,-0.12613222,0.50146882,0.4835101,-0.226269757
-0.125303586,0.562862445,-0.305897772,0.52184112,0.212271848,-0.224848533
-0.117432873,0.511503528,-0.076094071,0.54628788,0.201241155,-0.22342731
-0.273487504,0.460144611,-0.414244836,0.57888356,0.324802552,-0.217742415
-0.219711155,0.30606786,-0.06058018,0.62370262,0.446646909,-0.199266506
-0.220215697,0.357426777,-0.192488177,0.66037276,0.46144336,-0.197134671
-0.230031477,0.357426777,-0.104691913,0.69296844,0.41746472,-0.148102453
-0.147394827,0.357426777,0.226564426,0.70519182,0.423424956,-0.172973868
-0.117587405,0.460144611,0.273816201,-1.307591426,0.364569147,-0.198555895
-1.081747036,-0.977905063,-0.248732113,-1.307591426,-1.169658543,-0.201398342
-1.081747036,-0.977905063,-0.248732113,-1.307591426,-1.169658543,-0.187896717
2.156795531,1.076451614,-1.142448032,-0.170817082,-0.574575314,0.483631488
2.330904503,-0.002085641,-0.156542267,-0.142295862,-0.42611702,0.992429578
2.340130987,-0.104803475,-0.786194615,-0.117849102,-0.459440556,0.431046211
2.140961729,0.716939196,0.268965938,-0.077104502,0.041002996,0.112692099
1.609471497,0.81965703,-1.728369777,-0.060806662,-0.416597937,-0.081304938
1.658142631,0.511503528,2.651907532,0.004384698,-0.352520288,-0.236928935
1.658163351,-0.207521309,0.351231648,0.045129298,-0.193491041,-0.227690981
1.780174572,-0.207521309,-0.007942006,0.081799438,-0.198687371,-0.230533428
1.815116145,-0.36159806,-0.206685633,0.110320658,-0.169547101,-0.236928935
1.83873873,-0.515674811,0.044228438,0.146990799,-0.287644947,-0.239771382
1.942220197,-0.618392644,0.460302717,0.187735399,-0.321681715,-0.237639547
2.029604931,-0.669751561,0.148419489,0.220331079,-0.34444946,-0.230533428
2.083372661,-0.618392644,0.06587781,0.257001219,-0.310304809,-0.225559145
1.96382652,-0.567033728,0.16341568,0.289596899,-0.106485054,-0.231954652
2.050069488,-0.567033728,0.085279309,0.326267039,0.528950293,-0.234086487
1.818595924,-0.618392644,1.509124844,0.375160559,0.793203634,-0.229822816
1.663693419,-0.926546146,2.271252229,0.428128539,0.67069972,-0.233375876
1.897646172,-0.772469395,0.063896739,0.44850084,0.580896693,-0.229112204
2.259289394,-0.721110478,-3.36126223,0.403681779,0.225177723,-0.222716698
2.196220342,-0.926546146,0.313704363,-1.307591426,0.42081925,-0.224848533
-1.081747036,-0.977905063,-0.248732113,-1.307591426,-1.169658543,-0.222716698
-1.081747036,-0.977905063,-0.248732113,-1.307591426,-1.169658543,-0.202819566
1.381727942,1.6413997,0.124984027,-1.307591426,-0.113595102,-0.222716698
1.101240316,1.435964033,0.293923563,-1.307591426,-0.308121026,-0.221295474
0.879375771,1.230528365,0.305473827,-1.307591426,-0.425037216,-0.179369374
2.140961729,1.333246199,0.108059186,-1.307591426,-0.443379366,-0.167999585
3.144335583,1.076451614,-0.101874515,-1.307591426,-0.159175698,-0.193581612
3.282911439,0.97373378,-0.46277793,-1.307591426,-0.226841153,-0.161604078
1.478230592,1.025092697,-0.269880463,-1.307591426,-0.329483001,0.035235406
1.994291203,0.665580279,-0.060147559,-1.307591426,-0.287154983,-0.00171641
1.094364399,0.665580279,0.319531886,-1.307591426,-0.173070331,0.053000703
0.946125258,0.460144611,0.419933578,-1.307591426,-0.287644947,0.129746783
0.560311365,0.357426777,0.429510344,-1.307591426,-0.442386572,0.718133401
1.592726806,0.562862445,0.573948932,-1.307591426,-1.165805307,0.792747646
1.603952855,0.254708943,-0.61524535,-1.307591426,-0.270124249,0.251261411
0.953252551,0.357426777,-0.267606905,-1.307591426,-0.068096882,0.695393821
1.146205484,0.511503528,-0.359908799,-1.307591426,-0.035100696,0.753663994
0.136074414,0.203350026,-0.323722575,-1.307591426,0.111916127,1.288754722
0.218004125,-0.310239143,-0.061304739,-1.307591426,0.442851084,1.983022506
0.21641949,-0.258880226,-0.322507709,-1.307591426,0.433145047,1.851559312
0.114114944,-0.207521309,0.191581408,-1.307591426,0.432883337,1.433719541
0.12812325,1.48732295,-0.375151127,-1.307591426,0.469655855,1.650456157
-1.081747036,-0.977905063,-0.248732113,-1.307591426,-1.169658543,1.914803768
-1.081747036,-0.977905063,-0.248732113,-1.307591426,-1.169658543,1.246828622
-0.859320729,-0.721110478,-0.12782398,1.328584202,-0.183846038,-0.182211822
-0.872813637,-0.618392644,-0.403125055,1.304137442,-0.140677272,-0.178658763
-0.885347912,-0.669751561,-0.136951657,1.279690682,-0.183496198,-0.188607329
-0.900285448,-0.567033728,0.119490643,1.255243922,-0.087201134,-0.175105703
-0.887058108,-0.567033728,-0.069346119,1.218573782,-0.016412017,-0.166578361
-0.877149772,-0.567033728,0.066952802,1.190052562,0.088029501,-0.160893466
-0.896825102,-0.618392644,-0.024119718,1.181903642,-0.087957517,-0.175105703
-0.912575735,-0.567033728,0.207386485,1.173754722,-0.094771505,-0.177948151
-0.934524639,-0.515674811,0.317151538,1.173754722,-0.051187635,-0.17368448
-0.937550684,-0.310239143,0.373001967,1.185978102,0.098817255,-0.205662013
-0.918373617,-0.156162392,0.347352604,1.202275942,0.170489452,-0.107597577
-0.906717284,-0.258880226,0.047648795,1.226722702,0.363721995,-0.07419882
-0.916744908,-0.412956977,-0.61524535,1.259318382,-0.003435683,0.019601946
-0.936542111,-0.464315894,0.005235471,1.291914062,0.008574793,-0.02445599
-0.941682178,-0.464315894,0.023300507,1.316360822,0.095352724,-0.030851496
-0.94883879,-0.515674811,-0.137222586,1.348956502,0.111916127,0.512766574
-0.95293515,-0.515674811,-0.105464917,1.381552183,0.180363751,0.500686173
-0.947793406,-0.310239143,-0.212361702,1.401924483,0.180341062,0.529110647
-0.953368476,-0.36159806,-0.259689873,1.405998943,0.131442132,0.814776613
-0.947324081,-0.310239143,-0.391173142,-1.307591426,0.100882542,0.767165619
-1.081747036,-0.977905063,-0.248732113,-1.307591426,-1.169658543,0.488605771
-1.081747036,-0.977905063,-0.248732113,-1.307591426,-1.169658543,0.343640952
-0.669439345,2.052271036,-1.386291218,0.399607319,0.792209115,-0.202108954
-0.675389234,0.768298113,-6.959555075,0.391458399,-0.004215708,-0.086989833
-0.702359725,1.898194285,1.080721303,0.407756239,-0.026362732,0.038077854
-0.640107943,2.206347787,-0.220062139,0.407756239,-0.029833248,0.467287415
-0.649130996,2.514501288,-1.525484309,0.395532859,0.2477754,0.362827472
-0.798411471,0.151991109,-0.383073459,-1.307591426,-0.06453381,0.453075178
-1.081747036,-0.977905063,-0.248732113,-1.307591426,-1.169658543,0.612252234
-1.081747036,-0.977905063,-0.248732113,-1.307591426,-1.169658543,0.114113322
-0.559181052,-0.721110478,0.781455509,1.731955744,-0.193976029,-0.031562108
-0.551465636,-0.721110478,0.841031109,1.756402504,-0.012561959,-0.059275971
-0.640436358,-0.721110478,0.949510175,1.776774804,-0.086058153,-0.066382089
-0.62748938,-0.772469395,0.114240158,1.788998184,-0.133076708,-0.04008945
-0.607399274,-0.823828312,0.314314438,1.805296024,-0.112178163,-0.127494709
-0.595241489,-0.926546146,0.292254798,1.813444944,-0.12684464,-0.042221286
-0.628146139,-0.926546146,0.201188155,-1.307591426,-0.106490999,0.069344775
-1.081747036,-0.977905063,-0.248732113,-1.307591426,-1.169658543,0.047315808
-1.081747036,-0.977905063,-0.248732113,-1.307591426,-1.169658543,-0.026587825
1.502612556,-0.310239143,0.810888343,0.248852299,-0.793841575,-0.061407806
1.477572294,1.076451614,-0.045336069,0.273299059,-0.7093178,-0.055722911
1.415652738,0.871015947,-0.211794323,0.297745819,-0.649568964,-0.088411057
1.24687172,0.716939196,0.228340527,0.318118119,-0.550875322,-0.075620043
1.286728529,0.97373378,0.248004895,0.334415959,-0.660533733,-0.074909431
1.231161788,0.768298113,0.237439233,0.358862719,-0.508952378,0.001126037
1.03052995,0.562862445,0.417462916,0.383309479,-0.496299829,-0.087700445
0.82716484,0.97373378,-0.101969396,0.415905159,-0.374398487,0.154618198
0.659178681,0.511503528,0.396280793,0.44442638,-0.168383748,-0.008822529
0.564254711,0.460144611,0.75507788,0.48517098,-0.207001776,-0.111861248
0.39139605,1.281887282,0.960771322,0.50146882,-0.232082945,-0.153787348
0.342976533,0.562862445,0.457879256,0.55036234,-0.250349551,-0.023034766
0.368429693,1.538681867,-0.16274645,0.57073464,-0.412767418,-0.003137634
0.277404214,0.460144611,-0.131833752,0.57888356,-0.391543177,-0.046484957
0.322946979,1.127810531,0.856052996,0.59925586,-0.472855948,-0.015928647
1.161876309,1.281887282,1.545817716,0.64000046,-0.649429373,0.281817721
1.22240486,0.049273276,0.025610884,0.66852168,-0.670315407,0.493580054
1.121260438,0.151991109,-0.211860674,0.68074506,-0.760166497,0.72950319
1.089735215,0.511503528,0.092419996,0.68889398,-0.767700889,0.724528907
1.07180412,-0.156162392,0.064536705,-1.307591426,-0.699199984,0.774271737
-1.081747036,-0.977905063,-0.248732113,-1.307591426,-1.169658543,0.343640952
-1.081747036,-0.977905063,-0.248732113,-1.307591426,-1.169658543,0.095637414
-1.081747036,-0.977905063,-0.248732113,-1.307591426,-1.169658543,21.18304427
-1.081747036,-0.977905063,-0.248732113,-1.307591426,-1.169658543,11.11864854
1.502481077,1.6413997,-0.131460545,-1.307591426,-0.287753736,-0.236928935
0.78260351,1.6413997,-0.09385126,-1.307591426,-0.382241346,-0.236928935
0.802759936,1.6413997,0.059687053,-1.307591426,-0.425037216,-0.234797099
0.767140594,1.435964033,0.061994735,-1.307591426,-0.464876428,-0.228401593
0.733152192,1.230528365,0.195248556,-1.307591426,-0.363877779,-0.216321191
0.710550957,0.460144611,0.344420987,-1.307591426,-0.382168548,-0.22342731
0.714273996,0.049273276,0.295987388,-1.307591426,-0.298991508,-0.234797099
0.758585096,-0.156162392,0.413658851,-1.307591426,-0.207587501,-0.214189355
0.600467364,-0.36159806,0.450500479,-1.307591426,-0.347208671,-0.192160388
0.628164575,-0.618392644,-0.036962337,-1.307591426,-0.283574411,-0.229112204
0.507699384,-0.618392644,0.47042424,-1.307591426,-0.104757083,-0.236218323
0.620860749,-0.669751561,0.071534711,-1.307591426,-0.129288969,-0.222006086
0.705466118,-0.772469395,0.045122928,-1.307591426,-0.251048315,-0.234086487
0.683038913,-0.36159806,0.179063965,-1.307591426,-0.162146811,-0.236928935
0.645989595,-0.567033728,0.391276295,-1.307591426,0.025539702,-0.206372625
0.750043001,-0.156162392,0.018359224,-1.307591426,-0.024925456,-0.175816315
0.756535787,-0.002085641,0.30826399,-1.307591426,-0.144380214,-0.187186105
0.649429544,0.100632193,0.269074423,-1.307591426,-0.134239904,-0.195002835
0.655441346,-0.002085641,0.269273289,-1.307591426,-0.193313935,-0.18931794
0.658452119,-0.053444558,0.272015625,-1.307591426,-0.283789229,-0.207793849
-1.081747036,-0.977905063,-0.248732113,-1.307591426,-1.169658543,-0.207083237
-1.081747036,-0.977905063,-0.248732113,-1.307591426,-1.169658543,-0.22342731
-0.500555069,-0.875187229,0.730179375,1.626019783,1.508202179,0.059396209
-0.441498933,-0.926546146,-0.198300323,1.662689923,1.769676273,0.062238657
-0.446340647,-0.772469395,0.696049475,1.678987764,1.744909619,-0.03227272
-0.456626542,-0.618392644,0.070762811,1.695285604,1.636448819,0.194412462
-0.525464303,-0.515674811,-0.177203028,1.699360064,1.609534924,0.014627663
-0.600075491,-0.464315894,0.112573894,1.707508984,1.494202834,-0.067803313
-0.620735976,-0.618392644,0.161463454,-1.307591426,1.42027647,-0.056433523
-1.081747036,-0.977905063,-0.248732113,-1.307591426,-1.169658543,-0.099070235
-1.081747036,-0.977905063,-0.248732113,-1.307591426,-1.169658543,-0.137443275
1.248085312,0.254708943,1.283098777,0.419979619,0.382980751,-0.234086487
0.848924873,-0.002085641,-0.993219191,0.419979619,0.366298461,-0.23124404
0.957678232,-0.412956977,-0.337409392,0.424054079,0.259009865,-0.238350159
0.858719713,-0.207521309,-0.762818709,0.428128539,0.555727296,-0.237639547
1.001088145,-0.36159806,-0.857598992,0.436277459,0.561958064,-0.237639547
1.027170981,-0.515674811,-0.746949958,0.436277459,0.631561538,-0.238350159
0.89486494,-0.412956977,0.063597144,0.4525753,0.987033162,-0.237639547
0.919029579,-0.567033728,-0.321978765,0.46479868,0.859701673,-0.238350159
1.094364399,-0.515674811,-0.454075733,0.46887314,0.907371214,-0.222716698
0.899724626,-0.618392644,-0.066943272,0.49739436,0.815157889,-0.239771382
0.896401735,-0.464315894,-0.309161773,0.48924544,0.775031733,-0.239771382
1.16612409,-0.515674811,-0.319047161,0.4933199,0.670214513,-0.239771382
0.735620093,-0.310239143,-0.143391642,0.52184112,0.705126294,-0.237639547
0.631841629,0.151991109,-0.075460211,0.5544368,0.881562252,-0.227690981
0.616846472,-0.002085641,0.047420608,0.58295802,0.845617011,-0.23124404
1.270590109,0.254708943,0.040672591,0.60740478,1.085784728,-0.226269757
1.111367772,-0.515674811,-0.072364538,0.62777708,1.461547365,-0.202108954
1.235715961,-0.515674811,0.192109472,0.66444722,1.090855888,-0.230533428
1.163655376,-0.823828312,0.113569657,0.6766706,1.141433627,-0.226269757
1.197526748,-0.310239143,0.091012736,-1.307591426,1.047354089,-0.233375876
-1.081747036,-0.977905063,-0.248732113,-1.307591426,-1.169658543,-0.193581612
-1.081747036,-0.977905063,-0.248732113,-1.307591426,-1.169658543,-0.217742415
-0.385639217,-0.669751561,0.311600213,1.234871622,0.524399806,-0.239771382
-0.420983793,-0.721110478,0.24314255,1.279690682,0.513430566,-0.23906077
-0.419919294,-0.669751561,0.437754417,1.324509742,0.469778028,-0.238350159
-0.455896026,-0.721110478,0.266498308,1.357105422,0.565545391,-0.236928935
-0.492063146,-0.823828312,0.15437239,1.389701103,0.714873598,-0.238350159
-0.566773673,-0.926546146,-0.1766211,1.410073403,0.626272773,-0.237639547
-0.508508174,-0.977905063,0.2986101,1.434520163,0.564160316,-0.238350159
-0.474025148,-0.977905063,0.508765374,1.475264763,0.66008286,-0.236928935
-0.524152027,-0.926546146,0.117739797,1.499711523,0.729590285,-0.238350159
-0.520268517,-0.926546146,0.350258604,1.524158283,0.807171223,-0.239771382
-0.562705043,-0.875187229,0.542900985,1.548605043,1.020507502,-0.239771382
-0.615129331,-0.875187229,0.191469668,1.568977343,1.236826534,-0.219163638
-0.581350592,-0.926546146,0.020430062,1.585275183,0.78779027,-0.239771382
-0.628969381,-0.977905063,0.081983675,1.601573023,1.022057118,-0.219163638
-0.584118046,-0.977905063,-0.672315867,1.613796403,1.030053123,0.185174508
-0.555244915,-0.977905063,0.143591146,1.626019783,1.072183289,0.001126037
-0.564089221,-0.977905063,-0.013438306,1.634168703,1.007343052,-0.022324154
-0.542744484,-0.977905063,-0.020525257,1.638243163,0.954109734,-0.026587825
-0.473988212,-0.926546146,-0.250798991,1.646392083,0.746402467,0.090663131
-0.530663716,-0.977905063,-0.245921445,-1.307591426,0.724004411,0.296029958
-1.081747036,-0.977905063,-0.248732113,-1.307591426,-1.169658543,0.315216478
-1.081747036,-0.977905063,-0.248732113,-1.307591426,-1.169658543,0.016048886
-0.694294976,-0.618392644,-0.028399272,-1.307591426,-0.184469263,2.708557212
-1.081747036,-0.977905063,-0.248732113,-1.307591426,-1.169658543,0.745847263
-1.081747036,-0.977905063,-0.248732113,-1.307591426,-1.169658543,0.590223267
1.236579688,0.100632193,0.018638488,0.122544038,-0.450825066,-0.175105703
1.241412323,-0.412956977,-0.008600132,0.183660939,-0.537413728,-0.007401305
1.041789753,-0.002085641,0.410188033,0.248852299,-0.411553916,-0.057144135
0.540846472,-0.258880226,-0.269156942,0.305894739,-0.480487316,-0.048616793
0.557798101,-0.464315894,-0.006189717,0.338490419,-0.426173898,-0.141706946
0.293435174,-0.669751561,0.463106701,0.395532859,-0.406228012,0.095637414
0.362167265,-0.464315894,0.149949368,0.432202999,-0.399747879,0.27755405
0.183625187,-0.669751561,0.192570413,0.44035192,-0.423435872,0.02528684
0.392863549,-0.515674811,0.12915974,0.46072422,-0.349062122,-0.035115167
0.331347796,-0.310239143,0.732977544,0.4933199,-0.251438919,-0.04008945
0.223048069,-0.104803475,0.413244463,0.53813896,-0.185273774,-0.170842032
0.173818535,-0.618392644,0.454725016,0.58295802,0.014241431,-0.175105703
0.477990683,-0.515674811,0.198059378,0.61962816,-0.185961217,-0.157340407
0.478569274,-0.36159806,0.042073521,0.635926,-0.207529822,-0.155919183
0.409894202,-0.464315894,0.551984745,0.635926,-0.055663134,-0.145260005
0.463837439,-0.464315894,-0.197220794,0.64000046,-0.047202411,-0.141706946
0.433870222,-0.515674811,-0.228088889,0.66037276,-0.098591017,-0.154497959
0.413245661,-0.618392644,-0.018670797,0.68074506,-0.194972719,-0.159472242
0.358872042,-0.823828312,-0.003482108,0.70111736,-0.166607633,-0.087700445
0.341901049,-0.515674811,-0.071098293,-1.307591426,-0.175926062,-0.065671477
-1.081747036,-0.977905063,-0.248732113,-1.307591426,-1.169658543,-0.079883714
-1.081747036,-0.977905063,-0.248732113,-1.307591426,-1.169658543,-0.132468992
-1.081747036,-0.977905063,-0.248732113,-1.307591426,-1.169658543,-0.239771382
-1.081747036,-0.977905063,-0.248732113,-1.307591426,-1.169658543,-0.239771382
0.078702453,-0.875187229,0.497934951,-1.307591426,2.033606405,-0.216321191
0.138556708,-0.926546146,0.464738933,-1.307591426,2.258718083,-0.21205752
0.096974445,-0.875187229,0.320650514,-1.307591426,2.124865085,-0.213478744
0.021754839,-0.875187229,0.341769886,-1.307591426,2.304587448,-0.217031803
0.004786428,-0.823828312,0.42124088,-1.307591426,2.398028697,-0.199977118
-0.038911463,-0.875187229,0.522683773,-1.307591426,2.592326036,-0.178658763
-0.080007328,-0.823828312,0.464106602,-1.307591426,2.716882705,-0.192871
-1.081747036,-0.977905063,-0.248732113,-1.307591426,-1.169658543,-0.202108954
-1.081747036,-0.977905063,-0.248732113,-1.307591426,-1.169658543,-0.21205752
-1.081747036,-0.977905063,-0.248732113,-1.307591426,-1.169658543,5.966712575
-1.081747036,-0.977905063,-0.248732113,-1.307591426,-1.169658543,5.420252058
-1.081747036,-0.977905063,-0.248732113,-1.307591426,-1.169658543,5.21062156
-0.20270602,0.254708943,-0.124113144,0.367011639,0.05663659,-0.231954652
-0.08592289,0.665580279,-0.700393955,0.375160559,0.014073895,-0.229822816
0.053051695,0.716939196,-0.011853515,0.395532859,0.088090485,-0.23124404
-0.072413436,0.716939196,-0.105700128,0.419979619,0.101136403,-0.225559145
-0.107271554,0.768298113,0.096723724,0.45664976,0.191221922,-0.227690981
-0.128246403,0.614221362,-0.00764696,0.49739436,0.196445348,-0.237639547
-0.117916642,0.100632193,0.328385607,0.55036234,0.141654043,-0.204951401
-0.126705604,-0.002085641,0.340293556,0.5951814,0.320533036,-0.218453027
-0.190589365,-0.412956977,0.365271319,0.64407492,0.139285276,-0.197134671
-0.281420418,-0.310239143,0.453810528,0.6970429,0.047881358,-0.17368448
-0.350947444,-0.464315894,0.512494678,0.74593642,0.214437176,-0.145970617
-0.390317467,-0.464315894,0.428563536,0.802978861,0.081511176,-0.224137921
-0.398233179,-0.310239143,0.617448317,0.864095761,0.011360773,-0.204951401
-0.53105402,-0.207521309,0.754399664,0.904840361,0.259249803,-0.228401593
-0.517866896,-0.36159806,0.100722186,0.949659421,0.434165661,-0.214899967
-0.537212018,-0.464315894,0.369130246,0.994478481,0.494917805,-0.196424059
-0.598074994,-0.36159806,0.019678606,1.014850781,0.61060827,-0.170842032
-0.680224803,-0.258880226,-0.030175776,1.039297541,0.515200423,-0.158761631
-0.791803176,-0.156162392,-0.269170189,1.051520921,0.511025169,-0.164446525
-0.720808653,-0.104803475,-0.17244498,-1.307591426,0.378655753,-0.1509449
-1.081747036,-0.977905063,-0.248732113,-1.307591426,-1.169658543,-0.212768132
-1.081747036,-0.977905063,-0.248732113,-1.307591426,-1.169658543,-0.222006086
-0.03622102,-0.258880226,-0.108791478,0.52999004,0.560266254,-0.225559145
0.121399507,-0.156162392,-0.066723919,0.4933199,0.693032487,-0.177948151
-0.022825083,-0.258880226,-0.560415134,0.46072422,0.322839142,-0.207793849
-0.073355142,-0.310239143,-0.852287484,0.432202999,0.389017343,-0.010243752
-0.126065588,-0.412956977,-0.212451149,0.432202999,0.259185458,-0.015218035
-0.307075671,-0.258880226,-1.631313127,0.395532859,0.236236524,0.295319346
-0.165471681,-0.156162392,-2.751305455,0.350713799,0.312934321,0.00610032
-0.000827371,-0.412956977,-1.210228875,0.346639339,0.430520301,-0.010243752
-0.055923444,-0.002085641,-1.21430205,0.354788259,0.430606554,-0.047195569
0.038200045,-0.207521309,-0.923225124,0.379235019,0.573220628,-0.154497959
0.110873438,-0.156162392,-0.96845585,0.407756239,0.60167752,-0.091253504
-0.010554911,-0.258880226,-2.917314386,0.399607319,1.135116692,0.310952807
-0.313838661,-0.310239143,1.148025721,0.46887314,0.28786822,-0.10120207
-0.356267207,-0.310239143,1.204448473,0.5340645,0.907284901,-0.102623294
-0.441947961,-0.156162392,1.576696471,0.58295802,1.024852256,-0.06282903
-0.47294603,-0.36159806,1.466703859,0.68074506,0.705769392,-0.095517175
-0.524339363,-0.207521309,0.18826035,0.72148966,0.355432211,-0.148102453
-0.41168595,-0.258880226,-0.282302685,0.758159801,0.241815186,-0.099780846
-0.44136125,-0.258880226,-0.34226328,0.794829941,0.292524999,-0.052880464
-0.475687739,-0.104803475,-0.487837901,-1.307591426,0.162984568,-0.078462491
-1.081747036,-0.977905063,-0.248732113,-1.307591426,-1.169658543,-0.025166601
-1.081747036,-0.977905063,-0.248732113,-1.307591426,-1.169658543,-0.015218035
